earnings_date,m,log_rel
2020-05-21,0,0.0
2020-05-21,1,0.007247114235883002
2020-05-21,2,0.008365057337224145
2020-05-21,3,0.009704941414411587
2020-05-21,4,0.005126578898603042
2020-05-21,5,0.0007664283380373306
2020-05-21,6,-0.003577762791581041
2020-05-21,7,-0.0033513572638317734
2020-05-21,8,-0.01160965180329299
2020-05-21,9,-0.016265406346441757
2020-05-21,10,-0.007940340445896575
2020-05-21,11,-0.007202416815885141
2020-05-21,12,-0.0043693129575599725
2020-05-21,13,-0.0015724244364825706
2020-05-21,14,-0.0007830841826759561
2020-05-21,15,0.0015747367681550775
2020-05-21,16,-2.1970970715068055e-05
2020-05-21,17,-0.0017840362847141493
2020-05-21,18,0.00408215577728988
2020-05-21,19,0.0020527182782467458
2020-05-21,20,0.0024256663130905057
2020-05-21,21,0.0030717428254022788
2020-05-21,22,0.006491795497443109
2020-05-21,23,0.0100237368334302
2020-05-21,24,0.01033239460258976
2020-05-21,25,0.007968610047297358
2020-05-21,26,0.008937519148014161
2020-05-21,27,0.012039582907747282
2020-05-21,28,0.015351766527841851
2020-05-21,29,0.015337897190865432
2020-05-21,30,0.01598954817857709
2020-05-21,31,0.01489397681179196
2020-05-21,32,0.017083920582172226
2020-05-21,33,0.019448658071344466
2020-05-21,34,0.021297827162403464
2020-05-21,35,0.017568386537152415
2020-05-21,36,0.018094112535343234
2020-05-21,37,0.017362171149293736
2020-05-21,38,0.01432491567788323
2020-05-21,39,0.014269380176799837
2020-05-21,40,0.011544912436014685
2020-05-21,41,0.01124693425750866
2020-05-21,42,0.012184569347873115
2020-05-21,43,0.012601879373542948
2020-05-21,44,0.009844409483423133
2020-05-21,45,0.011906265883981896
2020-05-21,46,0.01090373161638254
2020-05-21,47,0.0129773095583676
2020-05-21,48,0.010457838010354707
2020-05-21,49,0.015268270212519013
2020-05-21,50,0.01792812365621703
2020-05-21,51,0.02085682109328427
2020-05-21,52,0.02008383297291367
2020-05-21,53,0.018995504223387385
2020-05-21,54,0.018110709907979437
2020-05-21,55,0.01965775800737368
2020-05-21,56,0.02303348432379632
2020-05-21,57,0.0221247062922322
2020-05-21,58,0.023308983819745346
2020-05-21,59,0.02388643323984772
2020-05-21,60,0.022400180798808927
2020-05-21,61,0.02275818424497346
2020-05-21,62,0.022376217530366917
2020-05-21,63,0.021683789177505443
2020-05-21,64,0.020111440123167474
2020-05-21,65,0.017568386537152415
2020-05-21,66,0.01867485673385286
2020-05-21,67,0.019006835572629263
2020-05-21,68,0.019973396749720353
2020-05-21,69,0.02085654523125333
2020-05-21,70,0.021711352193452316
2020-05-21,71,0.021339187361489775
2020-05-21,72,0.022042049140275306
2020-05-21,73,0.021994380409837307
2020-05-21,74,0.020442942468042142
2020-05-21,75,0.02138054584998077
2020-05-21,76,0.020532078804611706
2020-05-21,77,0.01991817406422706
2020-05-21,78,0.018868363210012767
2020-05-21,79,0.01598954817857709
2020-05-21,80,0.01765169102992813
2020-05-21,81,0.016626923323126507
2020-05-21,82,0.016128142554639208
2020-05-21,83,0.0141305279292533
2020-05-21,84,0.01396387977866191
2020-05-21,85,0.013662453837219281
2020-05-21,86,0.013106869779446207
2020-05-21,87,0.01457478727294779
2020-05-21,88,0.013908324223092221
2020-05-21,89,0.013158021982838579
2020-05-21,90,0.01536563567246265
2020-05-21,91,0.014560907155521705
2020-05-21,92,0.016344865652377357
2020-05-21,93,0.016377564036664412
2020-05-21,94,0.0161832977729397
2020-05-21,95,0.013630500139513708
2020-05-21,96,0.01457478727294779
2020-05-21,97,0.014769088690571443
2020-05-21,98,0.015046596670706612
2020-05-21,99,0.01360271348544195
2020-05-21,100,0.012045705600953232
2020-05-21,101,0.012991211673574723
2020-05-21,102,0.01406109457483049
2020-05-21,103,0.013574926059250371
2020-05-21,104,0.014213841591353488
2020-05-21,105,0.013658286021508776
2020-05-21,106,0.014407935500371182
2020-05-21,107,0.016017268590504105
2020-05-21,108,0.015074343233603054
2020-05-21,109,0.01512955660346504
2020-05-21,110,0.015337897190865432
2020-05-21,111,0.0141305279292533
2020-05-21,112,0.014352682271895682
2020-05-21,113,0.015046596670706612
2020-05-21,114,0.013519348890337207
2020-05-21,115,0.010761903276083833
2020-05-21,116,0.00871415840552785
2020-05-21,117,0.008806021550726777
2020-05-21,118,0.008446618256851947
2020-05-21,119,0.008644347940910945
2020-05-21,120,0.007945975121130431
2020-05-21,121,0.006323869384538034
2020-05-21,122,0.008406955900807844
2020-05-21,123,0.010112133662188804
2020-05-21,124,0.010848005787446354
2020-05-21,125,0.0119343780504144
2020-05-21,126,0.012158968663999617
2020-05-21,127,0.012017596564048917
2020-05-21,128,0.011794922808014491
2020-05-21,129,0.011711407364568339
2020-05-21,130,0.012713132641722353
2020-05-21,131,0.012389073020261434
2020-05-21,132,0.012463073567788113
2020-05-21,133,0.012295869050261428
2020-05-21,134,0.011683567333385785
2020-05-21,135,0.010945523950281501
2020-05-21,136,0.010569330052725806
2020-05-21,137,0.008951477538053532
2020-05-21,138,0.008811884869233986
2020-05-21,139,0.009035502929403782
2020-05-21,140,0.009704941414411587
2020-05-21,141,0.01037421082031895
2020-05-21,142,0.010848005787446354
2020-05-21,143,0.010206935456802006
2020-05-21,144,0.01160338371285181
2020-05-21,145,0.01210108644094983
2020-05-21,146,0.011154459424802718
2020-05-21,147,0.010599430773082834
2020-05-21,148,0.01070867762760658
2020-05-21,149,0.010652940927762304
2020-05-21,150,0.012128914850975558
2020-05-21,151,0.01265750755479397
2020-05-21,152,0.014269380176799837
2020-05-21,153,0.014457077766547605
2020-05-21,154,0.015102089026648885
2020-05-21,155,0.015832358910870318
2020-05-21,156,0.014852349171032496
2020-05-21,157,0.013186098982204192
2020-05-21,158,0.011672987918310453
2020-05-21,159,0.011015173959015821
2020-05-21,160,0.011043032604251626
2020-05-21,161,0.011015173959015821
2020-05-21,162,0.011391200201721744
2020-05-21,163,0.010238998735776786
2020-05-21,164,0.008867724275117278
2020-05-21,165,0.008588496060084279
2020-05-21,166,0.009342233376452161
2020-05-21,167,0.008773633076665094
2020-05-21,168,0.009816517425684844
2020-05-21,169,0.010569330052725806
2020-05-21,170,0.010541458207468346
2020-05-21,171,0.010416025289525193
2020-05-21,172,0.01098731453765428
2020-05-21,173,0.011655726527114316
2020-05-21,174,0.012363755786276506
2020-05-21,175,0.011655726527114316
2020-05-21,176,0.011850595895658154
2020-05-21,177,0.012875262116784882
2020-05-21,178,0.0134081852851869
2020-05-21,179,0.013769421829580611
2020-05-21,180,0.01449150367837951
2020-05-21,181,0.014935602719763078
2020-05-21,182,0.014388777691529771
2020-05-21,183,0.013737471549769727
2020-05-21,184,0.013825262910878572
2020-05-21,185,0.014958912471398866
2020-05-21,186,0.01567070819888786
2020-05-21,187,0.016136457606407337
2020-05-21,188,0.01700084570396784
2020-05-21,189,0.017748271273033987
2020-05-21,190,0.01806644963543975
2020-05-21,191,0.018605738202455983
2020-05-21,192,0.017402310363165772
2020-05-21,193,0.016599219806163117
2020-05-21,194,0.016815286887522065
2020-05-21,195,0.017291577588919676
2020-05-21,196,0.01557364976270033
2020-05-21,197,0.016354841543972654
2020-05-21,198,0.016094881656148367
2020-05-21,199,0.016423284560962065
2020-05-21,200,0.017073675053618544
2020-05-21,201,0.01870250280880327
2020-05-21,202,0.017789778540270643
2020-05-21,203,0.01814943603954816
2020-05-21,204,0.01820475648323229
2020-05-21,205,0.018522789658155393
2020-05-21,206,0.01814971264937937
2020-05-21,207,0.01847163462590633
2020-05-21,208,0.016682328054704817
2020-05-21,209,0.016405273694867474
2020-05-21,210,0.017665251569643395
2020-05-21,211,0.01906183224866064
2020-05-21,212,0.020368150123707643
2020-05-21,213,0.02045646520991375
2020-05-21,214,0.02067059690945287
2020-05-21,215,0.020470263737610916
2020-05-21,216,0.02008383297291367
2020-05-21,217,0.019973396749720353
2020-05-21,218,0.01989056157785883
2020-05-21,219,0.0198908377064967
2020-05-21,220,0.01964201488432161
2020-05-21,221,0.019614118566371425
2020-05-21,222,0.0187854364481171
2020-05-21,223,0.01964201488432161
2020-05-21,224,0.019358043728136896
2020-05-21,225,0.019503906690142896
2020-05-21,226,0.020097636643309914
2020-05-21,227,0.020359870184482178
2020-05-21,228,0.0203322698919174
2020-05-21,229,0.020052912059772433
2020-05-21,230,0.02023014218527195
2020-05-21,231,0.019807719543763397
2020-05-21,232,0.020428867583307746
2020-05-21,233,0.02022186110326577
2020-05-21,234,0.021224753296411963
2020-05-21,235,0.02113236925727463
2020-05-21,236,0.02179761952328265
2020-05-21,237,0.021467117414804775
2020-05-21,238,0.021489172666519524
2020-05-21,239,0.021504611053296648
2020-05-21,240,0.021959109597505688
2020-05-21,241,0.020442666491814372
2020-05-21,242,0.020718604683410587
2020-05-21,243,0.020580645105348037
2020-05-21,244,0.021077210538046044
2020-05-21,245,0.020166928189727512
2020-05-21,246,0.019598374756277865
2020-05-21,247,0.018327833491565197
2020-05-21,248,0.01701469199627699
2020-05-21,249,0.017762107220208632
2020-05-21,250,0.018019420949315645
2020-05-21,251,0.017540985868380744
2020-05-21,252,0.016377564036664412
2020-05-21,253,0.015476581905258562
2020-05-21,254,0.016722494565673797
2020-05-21,255,0.01715314437580234
2020-05-21,256,0.017457672152473003
2020-05-21,257,0.017706762282872587
2020-05-21,258,0.016495324781602514
2020-05-21,259,0.016239004227100985
2020-05-21,260,0.0165438104696759
2020-05-21,261,0.015601381705740837
2020-05-21,262,0.014741333656500436
2020-05-21,263,0.014827926815250816
2020-05-21,264,0.014714410537408221
2020-05-21,265,0.015018849337917275
2020-05-21,266,0.016488398062823772
2020-05-21,267,0.016870404220289223
2020-05-21,268,0.01754070909011844
2020-05-21,269,0.01747178891833313
2020-05-21,270,0.01752687007933064
2020-05-21,271,0.01806644963543975
2020-05-21,272,0.01806644963543975
2020-05-21,273,0.018232415557484758
2020-05-21,274,0.018426007659531524
2020-05-21,275,0.018094112535343234
2020-05-21,276,0.017319261932041332
2020-05-21,277,0.016377564036664412
2020-05-21,278,0.01621156710764217
2020-05-21,279,0.016405273694867474
2020-05-21,280,0.014933660215933942
2020-05-21,281,0.014852349171032496
2020-05-21,282,0.014467072508202953
2020-05-21,283,0.01418607114188684
2020-05-21,284,0.012351514256441338
2020-05-21,285,0.012499515434044001
2020-05-21,286,0.011989765055996936
2020-05-21,287,0.01098731453765428
2020-05-21,288,0.011043032604251626
2020-05-21,289,0.01112660388363747
2020-05-21,290,0.010725955373786511
2020-05-21,291,0.012476704650328605
2020-05-21,292,0.011655726527114316
2020-05-21,293,0.013047096226667717
2020-05-21,294,0.01383887543807067
2020-05-21,295,0.013213619236348638
2020-05-21,296,0.013996656108821354
2020-05-21,297,0.014310199070455337
2020-05-21,298,0.013560754174574384
2020-05-21,299,0.013880545287857102
2020-05-21,300,0.014338799071262533
2020-05-21,301,0.01513011149623207
2020-05-21,302,0.01613146858364319
2020-05-21,303,0.015961826998207532
2020-05-21,304,0.015821823296890726
2020-05-21,305,0.015712301787935323
2020-05-21,306,0.015490449318916652
2020-05-21,307,0.015414730898766002
2020-05-21,308,0.016128142554639208
2020-05-21,309,0.016521091754246427
2020-05-21,310,0.015102089026648885
2020-05-21,311,0.01551846090795092
2020-05-21,312,0.0165161046500668
2020-05-21,313,0.015906382331969938
2020-05-21,314,0.014769088690571443
2020-05-21,315,0.014935602719763078
2020-05-21,316,0.013658286021508776
2020-05-21,317,0.013739138546131397
2020-05-21,318,0.01396387977866191
2020-05-21,319,0.014553411812003739
2020-05-21,320,0.014422095384060566
2020-05-21,321,0.01472440270743275
2020-05-21,322,0.013936102386679534
2020-05-21,323,0.014519265647260048
2020-05-21,324,0.013935546830969602
2020-05-21,325,0.014693593195840389
2020-05-21,326,0.01605884776765817
2020-05-21,327,0.015518183569331117
2020-05-21,328,0.01618357492715879
2020-05-21,329,0.017208243090423993
2020-05-21,330,0.016737729716768693
2020-05-21,331,0.016239004227100985
2020-05-21,332,0.016294430454806177
2020-05-21,333,0.016405273694867474
2020-05-21,334,0.01679312830965866
2020-05-21,335,0.017651414282304916
2020-05-21,336,0.01931052316857895
2020-05-21,337,0.018163266437379626
2020-05-21,338,0.018578089452177815
2020-05-21,339,0.019343124725886375
2020-05-21,340,0.01932433751754329
2020-05-21,341,0.019476282762294916
2020-05-21,342,0.019917897943137444
2020-05-21,343,0.01964201488432161
2020-05-21,344,0.020525455944485377
2020-05-21,345,0.01961439477135367
2020-05-21,346,0.01968261506548145
2020-05-21,347,0.01908946762747428
2020-05-21,348,0.01870250280880327
2020-05-21,349,0.018564264790363313
2020-05-21,350,0.01850896423181352
2020-05-21,351,0.018896003935860127
2020-05-21,352,0.01801112153981863
2020-05-21,353,0.01629470757822631
2020-05-21,354,0.017845118883394955
2020-05-21,355,0.01679312830965866
2020-05-21,356,0.016890068463038557
2020-05-21,357,0.016848523833714546
2020-05-21,358,0.0163498536106147
2020-05-21,359,0.01709776572425829
2020-05-21,360,0.014907852306973985
2020-05-21,361,0.015498214986567093
2020-05-21,362,0.016768199322646893
2020-05-21,363,0.01665767332821931
2020-05-21,364,0.0163498536106147
2020-05-21,365,0.016072707109201147
2020-05-21,366,0.015767757215649582
2020-05-21,367,0.015767757215649582
2020-05-21,368,0.0129773095583676
2020-05-21,369,0.013585207496934608
2020-05-21,370,0.013630500139513708
2020-05-21,371,0.013644393177018257
2020-05-21,372,0.01154435555027561
2020-05-21,373,0.012219908345559874
2020-05-21,374,0.013866655530858108
2020-05-21,375,0.015074343233603054
2020-05-21,376,0.015018849337917275
2020-05-21,377,0.014769088690571443
2020-05-21,378,0.014312142785736566
2020-05-21,379,0.014186348850198996
2020-05-21,380,0.014158299921201128
2020-05-21,381,0.01510541847008259
2020-05-21,382,0.014072759715308143
2020-05-21,383,0.015268547620458314
2020-05-21,384,0.016460690707904714
2020-05-21,385,0.016405273694867474
2020-05-21,386,0.016266717724961813
2020-05-21,387,0.01715314437580234
2020-05-21,388,0.0179834563440163
2020-05-21,389,0.016876220445035842
2020-08-19,0,0.0
2020-08-19,1,0.0011516275862649087
2020-08-19,2,0.007576347224204876
2020-08-19,3,-0.000958746517703866
2020-08-19,4,0.0028034664162423185
2020-08-19,5,0.0023646362051440765
2020-08-19,6,0.00818954130894718
2020-08-19,7,0.014246570557477443
2020-08-19,8,0.01536396787521042
2020-08-19,9,0.0157352626669098
2020-08-19,10,0.02034411903595317
2020-08-19,11,0.019460989644675606
2020-08-19,12,0.023060700608160133
2020-08-19,13,0.02426216100158023
2020-08-19,14,0.028501960313406488
2020-08-19,15,0.03284996992660496
2020-08-19,16,0.030235099493242098
2020-08-19,17,0.03251641202156117
2020-08-19,18,0.028768667428839725
2020-08-19,19,0.025238715794968974
2020-08-19,20,0.0231732965067176
2020-08-19,21,0.02702462190238821
2020-08-19,22,0.025187643011133756
2020-08-19,23,0.028511734043412052
2020-08-19,24,0.03156176091662026
2020-08-19,25,0.03287024341597732
2020-08-19,26,0.030271890283434088
2020-08-19,27,0.031490708992859606
2020-08-19,28,0.03051130224976996
2020-08-19,29,0.030617373099100585
2020-08-19,30,0.02884805504502392
2020-08-19,31,0.0306478511472888
2020-08-19,32,0.03355929761505844
2020-08-19,33,0.031653105972632586
2020-08-19,34,0.030196477870494856
2020-08-19,35,0.03355929761505844
2020-08-19,36,0.034511032578106886
2020-08-19,37,0.03499971028971111
2020-08-19,38,0.0329310614181246
2020-08-19,39,0.03145619623683998
2020-08-19,40,0.02960497417627762
2020-08-19,41,0.027109245706299148
2020-08-19,42,0.02679008478071509
2020-08-19,43,0.025861593817813406
2020-08-19,44,0.02652488960571313
2020-08-19,45,0.027992779777542207
2020-08-19,46,0.02516843896962212
2020-08-19,47,0.02348686044173885
2020-08-19,48,0.02333704973097523
2020-08-19,49,0.02370539647220168
2020-08-19,50,0.024993542640201115
2020-08-19,51,0.021544539891557482
2020-08-19,52,0.022333640102109198
2020-08-19,53,0.020518804092686076
2020-08-19,54,0.021285948519952445
2020-08-19,55,0.0205085414195675
2020-08-19,56,0.020344324324198974
2020-08-19,57,0.02098051540819825
2020-08-19,58,0.018513120034351106
2020-08-19,59,0.018824036409399492
2020-08-19,60,0.019779622292179583
2020-08-19,61,0.021149551035731073
2020-08-19,62,0.020621425031552475
2020-08-19,63,0.019324548494059457
2020-08-19,64,0.02076959108698029
2020-08-19,65,0.01871629591256219
2020-08-19,66,0.017186733109768256
2020-08-19,67,0.015982715961363466
2020-08-19,68,0.014971895976583983
2020-08-19,69,0.014579670297288804
2020-08-19,70,0.014641610896274105
2020-08-19,71,0.015046195088330936
2020-08-19,72,0.011946126275988391
2020-08-19,73,0.012988547186852356
2020-08-19,74,0.014026163985990549
2020-08-19,75,0.013017292508372299
2020-08-19,76,0.011436314247256746
2020-08-19,77,0.01279620111223924
2020-08-19,78,0.014206087144207898
2020-08-19,79,0.015487748124166794
2020-08-19,80,0.01753820658923562
2020-08-19,81,0.018042448924374038
2020-08-19,82,0.016372949088861766
2020-08-19,83,0.016230108037832477
2020-08-19,84,0.015446489743552515
2020-08-19,85,0.01586930746900781
2020-08-19,86,0.015732994061795614
2020-08-19,87,0.017062751070117083
2020-08-19,88,0.018875435228265836
2020-08-19,89,0.018967946445316842
2020-08-19,90,0.018700668464347342
2020-08-19,91,0.018618414711473328
2020-08-19,92,0.01911204131549088
2020-08-19,93,0.01916321980294347
2020-08-19,94,0.01898850333136051
2020-08-19,95,0.01876235433932954
2020-08-19,96,0.015281439196447777
2020-08-19,97,0.013480412552194324
2020-08-19,98,0.012307310130877972
2020-08-19,99,0.01163327082352484
2020-08-19,100,0.011508598295845147
2020-08-19,101,0.012098895023526063
2020-08-19,102,0.011434657245055326
2020-08-19,103,0.013050586416345149
2020-08-19,104,0.011084139564976158
2020-08-19,105,0.01247347298099235
2020-08-19,106,0.012667949838859235
2020-08-19,107,0.012301722606288935
2020-08-19,108,0.01228516679457777
2020-08-19,109,0.014053020244068463
2020-08-19,110,0.014249255623871375
2020-08-19,111,0.016174450156507397
2020-08-19,112,0.01739409063740929
2020-08-19,113,0.018681133810642004
2020-08-19,114,0.01931057455422413
2020-08-19,115,0.02139689876585394
2020-08-19,116,0.020641947955659462
2020-08-19,117,0.020652209259768493
2020-08-19,118,0.02155479193812239
2020-08-19,119,0.022661394780668538
2020-08-19,120,0.021308713807074352
2020-08-19,121,0.02127918036167597
2020-08-19,122,0.020703514200958735
2020-08-19,123,0.020559853731968218
2020-08-19,124,0.021462519735058104
2020-08-19,125,0.02198528301208105
2020-08-19,126,0.0224770459922398
2020-08-19,127,0.022364371667014184
2020-08-19,128,0.021647055627812755
2020-08-19,129,0.021329222630996823
2020-08-19,130,0.01948174186328874
2020-08-19,131,0.019707728243435117
2020-08-19,132,0.018484943601754955
2020-08-19,133,0.018042448924374038
2020-08-19,134,0.01906044910483423
2020-08-19,135,0.020262205662686845
2020-08-19,136,0.020272470864167197
2020-08-19,137,0.019707728243435117
2020-08-19,138,0.019933663565275747
2020-08-19,139,0.020334059860286153
2020-08-19,140,0.02083689473067723
2020-08-19,141,0.022450210168379812
2020-08-19,142,0.02273512478143917
2020-08-19,143,0.022579466181396987
2020-08-19,144,0.02297470974770721
2020-08-19,145,0.022241439740413607
2020-08-19,146,0.021975035378003674
2020-08-19,147,0.023224881665433253
2020-08-19,148,0.023799098604648496
2020-08-19,149,0.023685959340835283
2020-08-19,150,0.02322447226988744
2020-08-19,151,0.02323470710825365
2020-08-19,152,0.02235187427789266
2020-08-19,153,0.021513783121221142
2020-08-19,154,0.02255898298273993
2020-08-19,155,0.02250777315044105
2020-08-19,156,0.022599744134786836
2020-08-19,157,0.02102154609916071
2020-08-19,158,0.02028273596027427
2020-08-19,159,0.01961097123625741
2020-08-19,160,0.02041617262168176
2020-08-19,161,0.02072403544044236
2020-08-19,162,0.021349731034315624
2020-08-19,163,0.021283897567736344
2020-08-19,164,0.02169830955515626
2020-08-19,165,0.02163680452710092
2020-08-19,166,0.021590263208293905
2020-08-19,167,0.01994393213984368
2020-08-19,168,0.019789892448645527
2020-08-19,169,0.019800162499636443
2020-08-19,170,0.02013922035537503
2020-08-19,171,0.02032379529101303
2020-08-19,172,0.021042060813340216
2020-08-19,173,0.02119590775644859
2020-08-19,174,0.02091896621498604
2020-08-19,175,0.020910759369656286
2020-08-19,176,0.02041617262168176
2020-08-19,177,0.02057011587850152
2020-08-19,178,0.020542613088711106
2020-08-19,179,0.019927707743711786
2020-08-19,180,0.02003634456630057
2020-08-19,181,0.019365030717488532
2020-08-19,182,0.017464915929150535
2020-08-19,183,0.017074902813259
2020-08-19,184,0.01814532429095825
2020-08-19,185,0.018926831405429598
2020-08-19,186,0.0182070444312882
2020-08-19,187,0.018052736937295893
2020-08-19,188,0.018845418638958146
2020-08-19,189,0.0191118357741159
2020-08-19,190,0.018626846032349893
2020-08-19,191,0.017826376199628024
2020-08-19,192,0.018227616964899346
2020-08-19,193,0.01815561124555689
2020-08-19,194,0.01774405049852678
2020-08-19,195,0.017692593493415933
2020-08-19,196,0.017780892087621895
2020-08-19,197,0.017629400668724083
2020-08-19,198,0.01708931994410607
2020-08-19,199,0.016468371207636973
2020-08-19,200,0.016781366027645163
2020-08-19,201,0.018180710970675033
2020-08-19,202,0.018864950083710974
2020-08-19,203,0.01915068234342919
2020-08-19,204,0.019254060305785393
2020-08-19,205,0.02027780872729328
2020-08-19,206,0.018784971540122975
2020-08-19,207,0.01826876076247775
2020-08-19,208,0.01800129581422185
2020-08-19,209,0.018782915452097728
2020-08-19,210,0.01876235433932954
2020-08-19,211,0.01948174186328874
2020-08-19,212,0.01936667463102206
2020-08-19,213,0.019789481644411893
2020-08-19,214,0.01972826992764857
2020-08-19,215,0.019461195114297555
2020-08-19,216,0.01915294320840126
2020-08-19,217,0.019913126099803818
2020-08-19,218,0.02014928149114794
2020-08-19,219,0.02080611618742319
2020-08-19,220,0.02110360243087861
2020-08-19,221,0.021923795632346456
2020-08-19,222,0.021800809529620997
2020-08-19,223,0.021124115461782035
2020-08-19,224,0.02120370203827621
2020-08-19,225,0.02095507553431291
2020-08-19,226,0.02141125372082558
2020-08-19,227,0.02152629098861851
2020-08-19,228,0.022098000056554556
2020-08-19,229,0.022870282332344415
2020-08-19,230,0.02282523184507473
2020-08-19,231,0.02204984069208492
2020-08-19,232,0.022352898659926627
2020-08-19,233,0.022487288483213713
2020-08-19,234,0.022540547745216695
2020-08-19,235,0.022115008979989515
2020-08-19,236,0.021708560025396693
2020-08-19,237,0.02206726030441694
2020-08-19,238,0.021062575106674856
2020-08-19,239,0.021267694897351357
2020-08-19,240,0.02158739274767104
2020-08-19,241,0.02167780829945359
2020-08-19,242,0.02156504387958391
2020-08-19,243,0.021431760441904174
2020-08-19,244,0.021800809529620997
2020-08-19,245,0.02169830955515626
2020-08-19,246,0.021329222630996823
2020-08-19,247,0.021329222630996823
2020-08-19,248,0.021318968271612178
2020-08-19,249,0.02149327808210702
2020-08-19,250,0.02114462807190987
2020-08-19,251,0.021401000202587242
2020-08-19,252,0.021838321894100503
2020-08-19,253,0.022241439740413607
2020-08-19,254,0.022538499364512847
2020-08-19,255,0.022687405707102475
2020-08-19,256,0.022063981341749604
2020-08-19,257,0.021124115461782035
2020-08-19,258,0.02100739070099429
2020-08-19,259,0.019646100658908882
2020-08-19,260,0.02073429590226586
2020-08-19,261,0.020857413233237674
2020-08-19,262,0.02097025747240256
2020-08-19,263,0.021041855668281567
2020-08-19,264,0.020543023583671473
2020-08-19,265,0.022124025641345354
2020-08-19,266,0.023736085910433982
2020-08-19,267,0.02499783368720747
2020-08-19,268,0.024973313170583426
2020-08-19,269,0.02478918575061922
2020-08-19,270,0.025299999692644168
2020-08-19,271,0.024932444306705506
2020-08-19,272,0.025116136731319502
2020-08-19,273,0.025769718176533396
2020-08-19,274,0.02540213117680531
2020-08-19,275,0.024165639181643748
2020-08-19,276,0.024241098771995415
2020-08-19,277,0.024349676971255823
2020-08-19,278,0.024390569658626786
2020-08-19,279,0.023523286430171226
2020-08-19,280,0.02284570959088523
2020-08-19,281,0.021891820700690127
2020-08-19,282,0.021934043791520974
2020-08-19,283,0.02141002330418831
2020-08-19,284,0.021540234000658028
2020-08-19,285,0.021145448567563136
2020-08-19,286,0.02206726030441694
2020-08-19,287,0.02184180657783935
2020-08-19,288,0.01993633340480708
2020-08-19,289,0.019789892448645527
2020-08-19,290,0.02158554744720544
2020-08-19,291,0.02067273155210931
2020-08-19,292,0.02013203376784691
2020-08-19,293,0.02117539619818475
2020-08-19,294,0.02117888319277184
2020-08-19,295,0.020529066660483278
2020-08-19,296,0.02048801575735756
2020-08-19,297,0.020877931314797593
2020-08-19,298,0.021138064082448407
2020-08-19,299,0.02122667430500817
2020-08-19,300,0.02077533669682127
2020-08-19,301,0.020990773238769776
2020-08-19,302,0.02113437181944185
2020-08-19,303,0.02073429590226586
2020-08-19,304,0.020334059860286153
2020-08-19,305,0.020539329122961043
2020-08-19,306,0.02073429590226586
2020-08-19,307,0.0222311947310137
2020-08-19,308,0.02202627249828366
2020-08-19,309,0.02202668238466102
2020-08-19,310,0.02198528301208105
2020-08-19,311,0.02235412791698206
2020-08-19,312,0.023050463988701236
2020-08-19,313,0.02311188213368796
2020-08-19,314,0.024155413866831756
2020-08-19,315,0.023275645414232347
2020-08-19,316,0.023562166639228947
2020-08-19,317,0.024042928502592903
2020-08-19,318,0.02423721345787936
2020-08-19,319,0.02413496292353146
2020-08-19,320,0.024155413866831756
2020-08-19,321,0.02354170355973936
2020-08-19,322,0.022927616381003865
2020-08-19,323,0.022763796091494787
2020-08-19,324,0.02266364772231916
2020-08-19,325,0.023168178786355045
2020-08-19,326,0.023562166639228947
2020-08-19,327,0.023526765247295675
2020-08-19,328,0.023377983847520458
2020-08-19,329,0.023016272920203595
2020-08-19,330,0.023449614519804873
2020-08-19,331,0.023316582044334757
2020-08-19,332,0.022927616381003865
2020-08-19,333,0.023406227411008576
2020-08-19,334,0.02507425210710787
2020-08-19,335,0.025892217155861784
2020-08-19,336,0.025504252231191817
2020-08-19,337,0.02545319300758739
2020-08-19,338,0.02572888184853025
2020-08-19,339,0.02583096954194769
2020-08-19,340,0.02572888184853025
2020-08-19,341,0.025177223842887606
2020-08-19,342,0.024809623318958092
2020-08-19,343,0.024768747764577614
2020-08-19,344,0.02485070156781666
2020-08-19,345,0.024012248479887435
2020-08-19,346,0.024073607584063673
2020-08-19,347,0.025361484095694383
2020-08-19,348,0.02489136941562745
2020-08-19,349,0.023909974938986042
2020-08-19,350,0.02370539647220168
2020-08-19,351,0.02239510228751911
2020-08-19,352,0.022518015326698556
2020-08-19,353,0.02252825739805518
2020-08-19,354,0.021780310375210356
2020-08-19,355,0.021862304471681516
2020-08-19,356,0.021177242255657175
2020-08-19,357,0.021214778018474996
2020-08-19,358,0.022108246430619045
2020-08-19,359,0.022277296446774036
2020-08-19,360,0.02235412791698206
2020-08-19,361,0.02221070439732786
2020-08-19,362,0.022548741226073716
2020-08-19,363,0.023081173532718165
2020-08-19,364,0.023306348043915053
2020-08-19,365,0.02388951897556055
2020-08-19,366,0.02339845027745929
2020-08-19,367,0.023961113016921276
2020-08-19,368,0.02394004444557314
2020-08-19,369,0.023971340318703495
2020-08-19,370,0.024196314498752303
2020-08-19,371,0.024911804895708718
2020-08-19,372,0.024899952368126525
2020-08-19,373,0.02554509773308668
2020-08-19,374,0.02478918575061922
2020-08-19,375,0.025095705426473467
2020-08-19,376,0.024676771657861397
2020-08-19,377,0.024740542657857297
2020-08-19,378,0.024339453538124632
2020-08-19,379,0.022149230877027453
2020-08-19,380,0.02245656069556073
2020-08-19,381,0.022149230877027453
2020-08-19,382,0.021882801945368426
2020-08-19,383,0.02122667430500817
2020-08-19,384,0.01962555728671357
2020-08-19,385,0.020529066660483278
2020-08-19,386,0.018381897478033885
2020-08-19,387,0.01740438532277808
2020-08-19,388,0.01651865479471395
2020-08-19,389,0.01715728361857813
2020-11-18,0,0.0
2020-11-18,1,-0.0028067714366772616
2020-11-18,2,-0.0017975849798798316
2020-11-18,3,-0.00751323414179953
2020-11-18,4,-0.007417108296029971
2020-11-18,5,-0.004386723964980129
2020-11-18,6,0.00028058099154348225
2020-11-18,7,-0.002388122339154983
2020-11-18,8,-0.001746046678711541
2020-11-18,9,-0.003268576585070265
2020-11-18,10,-0.014623835472379974
2020-11-18,11,-0.011486971940828485
2020-11-18,12,-0.01081538977210478
2020-11-18,13,-0.009095926349985167
2020-11-18,14,-0.00864934972230298
2020-11-18,15,-0.01300792741130608
2020-11-18,16,-0.016086643374018997
2020-11-18,17,-0.018637612963167523
2020-11-18,18,-0.016942522842365533
2020-11-18,19,-0.016086643374018997
2020-11-18,20,-0.01648596263507018
2020-11-18,21,-0.01825629574864951
2020-11-18,22,-0.013675104802758796
2020-11-18,23,-0.015563966305266717
2020-11-18,24,-0.013713036752844786
2020-11-18,25,-0.01289971183022257
2020-11-18,26,-0.009700235850369401
2020-11-18,27,-0.006592502091999892
2020-11-18,28,-0.00830332393068417
2020-11-18,29,-0.009327786941634183
2020-11-18,30,-0.00904004616916055
2020-11-18,31,-0.010200956236843797
2020-11-18,32,-0.008586324111806334
2020-11-18,33,-0.008897716841887119
2020-11-18,34,-0.007778853389200459
2020-11-18,35,-0.007794125341666174
2020-11-18,36,-0.009215814976427135
2020-11-18,37,-0.00926585148893029
2020-11-18,38,-0.008510849565561326
2020-11-18,39,-0.008001545320725072
2020-11-18,40,-0.009681345649660512
2020-11-18,41,-0.013099474428012773
2020-11-18,42,-0.01267043204250522
2020-11-18,43,-0.011742480759638498
2020-11-18,44,-0.012178131870391195
2020-11-18,45,-0.01207852691945048
2020-11-18,46,-0.010191506361345864
2020-11-18,47,-0.010739746806864361
2020-11-18,48,-0.011118018864635643
2020-11-18,49,-0.009360077982487596
2020-11-18,50,-0.00959955519807389
2020-11-18,51,-0.011553208699414902
2020-11-18,52,-0.012444424995920246
2020-11-18,53,-0.013293399824591746
2020-11-18,54,-0.012425482886227116
2020-11-18,55,-0.011609986556066012
2020-11-18,56,-0.01124117729392175
2020-11-18,57,-0.01143966265637239
2020-11-18,58,-0.008642933759992658
2020-11-18,59,-0.00896378231279271
2020-11-18,60,-0.008765598992573356
2020-11-18,61,-0.008739177517196689
2020-11-18,62,-0.010006684750524625
2020-11-18,63,-0.010777567574252352
2020-11-18,64,-0.010159188462074425
2020-11-18,65,-0.010777567574252352
2020-11-18,66,-0.009026642941455403
2020-11-18,67,-0.009152564854743951
2020-11-18,68,-0.008510849565561326
2020-11-18,69,-0.008529717668091099
2020-11-18,70,-0.009246969491969787
2020-11-18,71,-0.008838827872868635
2020-11-18,72,-0.009426362859617213
2020-11-18,73,-0.010172417885218993
2020-11-18,74,-0.010191506361345864
2020-11-18,75,-0.011288287984850312
2020-11-18,76,-0.011308533019779772
2020-11-18,77,-0.010810472805487362
2020-11-18,78,-0.010834301407488957
2020-11-18,79,-0.01125990778476808
2020-11-18,80,-0.011363972456325012
2020-11-18,81,-0.011427741069756634
2020-11-18,82,-0.010371069267912238
2020-11-18,83,-0.010626293086406197
2020-11-18,84,-0.010654655309817247
2020-11-18,85,-0.01117477201681548
2020-11-18,86,-0.011420739569259451
2020-11-18,87,-0.011761409936125296
2020-11-18,88,-0.012026456036766177
2020-11-18,89,-0.012215817699170078
2020-11-18,90,-0.012073793090800769
2020-11-18,91,-0.011193690449991467
2020-11-18,92,-0.011553208699414902
2020-11-18,93,-0.012073793090800769
2020-11-18,94,-0.011382894469249257
2020-11-18,95,-0.011600523356084896
2020-11-18,96,-0.013049435268569274
2020-11-18,97,-0.013769937375922019
2020-11-18,98,-0.013656139367264359
2020-11-18,99,-0.014566696417260062
2020-11-18,100,-0.014737743662501888
2020-11-18,101,-0.014367589474821495
2020-11-18,102,-0.01463332732599665
2020-11-18,103,-0.014516393971421281
2020-11-18,104,-0.01351087606019787
2020-11-18,105,-0.013637174291450956
2020-11-18,106,-0.011023437434683247
2020-11-18,107,-0.010531758150950475
2020-11-18,108,-0.010418328023787
2020-11-18,109,-0.01070192746983283
2020-11-18,110,-0.011250447897056905
2020-11-18,111,-0.01139216638628729
2020-11-18,112,-0.011032895175134517
2020-11-18,113,-0.011780339470932488
2020-11-18,114,-0.012064325500728442
2020-11-18,115,-0.011918725254938787
2020-11-18,116,-0.010522305148913311
2020-11-18,117,-0.010399424253429383
2020-11-18,118,-0.010616839190691965
2020-11-18,119,-0.01066486590716941
2020-11-18,120,-0.008567454941200224
2020-11-18,121,-0.009435616653507582
2020-11-18,122,-0.008586324111806334
2020-11-18,123,-0.006983714343571409
2020-11-18,124,-0.00595750834388532
2020-11-18,125,-0.00549652927263853
2020-11-18,126,-0.005270821112330356
2020-11-18,127,-0.005520419700977168
2020-11-18,128,-0.005722288388621662
2020-11-18,129,-0.0031848691331813625
2020-11-18,130,-0.003354355839438327
2020-11-18,131,-0.004218189436187168
2020-11-18,132,-0.004049119788482447
2020-11-18,133,-0.003654735070473205
2020-11-18,134,-0.0025685401099319965
2020-11-18,135,-0.002041256549299556
2020-11-18,136,-0.0005239619124717665
2020-11-18,137,-0.0014314395261023414
2020-11-18,138,-0.0008796639128338102
2020-11-18,139,-0.0015539727718295777
2020-11-18,140,-0.003250933624535889
2020-11-18,141,-0.0024725132943700023
2020-11-18,142,-0.0031854321643835764
2020-11-18,143,-0.003354355839438327
2020-11-18,144,-0.0021162443638149545
2020-11-18,145,-0.0028476703958044483
2020-11-18,146,-0.0013321498964852813
2020-11-18,147,-0.000861126841639947
2020-11-18,148,-0.0028664319458843223
2020-11-18,149,-0.0033147500614569433
2020-11-18,150,-0.0016101857064407983
2020-11-18,151,-0.00024323388929284803
2020-11-18,152,0.0033990769317095416
2020-11-18,153,0.0019642828415597337
2020-11-18,154,0.0018503813512876959
2020-11-18,155,0.0018597180271510286
2020-11-18,156,0.003585504971026415
2020-11-18,157,0.005224574793548094
2020-11-18,158,0.004535747727057927
2020-11-18,159,0.003865081879795014
2020-11-18,160,0.0027463049590732195
2020-11-18,161,0.002839584190519934
2020-11-18,162,0.001560901152979907
2020-11-18,163,0.002531729700642963
2020-11-18,164,0.003089529632834812
2020-11-18,165,0.00042084197070158577
2020-11-18,166,0.00048629036233053125
2020-11-18,167,0.0011218519210358345
2020-11-18,168,-0.00011225444352281937
2020-11-18,169,-5.6125646628899184e-05
2020-11-18,170,9.353574475319423e-05
2020-11-18,171,0.0015328824925503115
2020-11-18,172,-0.00029937318962472464
2020-11-18,173,0.0005715538414912943
2020-11-18,174,0.0024662284278701495
2020-11-18,175,0.0014133273868442615
2020-11-18,176,0.0007760817612935746
2020-11-18,177,0.001647193694836425
2020-11-18,178,0.0019448644884519897
2020-11-18,179,0.0010684055355032695
2020-11-18,180,0.0021491117493268085
2020-11-18,181,0.0026901466658078993
2020-11-18,182,0.0018257321081488942
2020-11-18,183,0.0018317077380364125
2020-11-18,184,0.0006358706030598877
2020-11-18,185,-0.00021516542094062515
2020-11-18,186,0.00023382295967395634
2020-11-18,187,-0.0003180869901174996
2020-11-18,188,-0.001038085628400276
2020-11-18,189,9.3539681871948e-06
2020-11-18,190,-0.00013096474260744086
2020-11-18,191,-0.0007892287257327357
2020-11-18,192,-0.003485760650920884
2020-11-18,193,-0.0027538679249787543
2020-11-18,194,-0.0031291306132610257
2020-11-18,195,-0.0027880110058772422
2020-11-18,196,-0.0035578529110217774
2020-11-18,197,-0.0034870747862389678
2020-11-18,198,-0.0038237380472057134
2020-11-18,199,-0.005571588522922127
2020-11-18,200,-0.0040866883511136605
2020-11-18,201,-0.004433700746057023
2020-11-18,202,-0.0038049585281485884
2020-11-18,203,-0.0032605058304538566
2020-11-18,204,-0.0026038022709735167
2020-11-18,205,-0.002060002975762728
2020-11-18,206,-0.001404087059404589
2020-11-18,207,-0.0013666191413051851
2020-11-18,208,-0.0009639276584070199
2020-11-18,209,0.0014581622265111773
2020-11-18,210,0.0006498926035788901
2020-11-18,211,0.001560901152979907
2020-11-18,212,0.0015515616867303626
2020-11-18,213,0.002111775329511877
2020-11-18,214,0.0009947719202668983
2020-11-18,215,0.0018326414269805617
2020-11-18,216,0.001757009797797379
2020-11-18,217,0.0006386750188929634
2020-11-18,218,0.00013562397572078867
2020-11-18,219,0.00020576709108588727
2020-11-18,220,-0.00048633978444192756
2020-11-18,221,3.741534777991202e-05
2020-11-18,222,-7.483489554659194e-05
2020-11-18,223,0.0005236875201510073
2020-11-18,224,0.0014955230574205138
2020-11-18,225,0.0008428153672125658
2020-11-18,226,0.0004737620017218008
2020-11-18,227,-3.7416747740652716e-05
2020-11-18,228,0.0006594274516258486
2020-11-18,229,0.0008882365349985798
2020-11-18,230,0.0008041216339943069
2020-11-18,231,0.0003464125943272648
2020-11-18,232,0.00037409049685277354
2020-11-18,233,0.000579780634735958
2020-11-18,234,0.0005610832794763699
2020-11-18,235,0.003001309756018813
2020-11-18,236,0.002149858463504531
2020-11-18,237,0.0023171083897892885
2020-11-18,238,0.0025223992970563156
2020-11-18,239,0.002653017025799779
2020-11-18,240,0.0034922952957947024
2020-11-18,241,0.004404444411087967
2020-11-18,242,0.005559508368187391
2020-11-18,243,0.006451001253726282
2020-11-18,244,0.006563636534672293
2020-11-18,245,0.006043289301309698
2020-11-18,246,0.0076785245270208375
2020-11-18,247,0.006693913337752496
2020-11-18,248,0.006903324211104145
2020-11-18,249,0.006972436897136779
2020-11-18,250,0.006622365411343392
2020-11-18,251,0.005901025085178355
2020-11-18,252,0.00667607329492101
2020-11-18,253,0.006117481823127883
2020-11-18,254,0.005782735111678106
2020-11-18,255,0.0058850307181709345
2020-11-18,256,0.006173262049052538
2020-11-18,257,0.0068109807218723365
2020-11-18,258,0.005076610075883807
2020-11-18,259,0.005894329799886876
2020-11-18,260,0.00701052114786387
2020-11-18,261,0.007195534233980781
2020-11-18,262,0.00793802848981051
2020-11-18,263,0.007928748393297465
2020-11-18,264,0.007704143793898844
2020-11-18,265,0.007900907587025779
2020-11-18,266,0.008457576494743418
2020-11-18,267,0.008642878486045578
2020-11-18,268,0.008142354390889188
2020-11-18,269,0.008015049967241283
2020-11-18,270,0.0083833718754716
2020-11-18,271,0.008976669301330207
2020-11-18,272,0.00814216882772222
2020-11-18,273,0.00849467673960918
2020-11-18,274,0.00842047487339798
2020-11-18,275,0.007895339332757195
2020-11-18,276,0.007527765981027836
2020-11-18,277,0.006957017007503888
2020-11-18,278,0.0070467462843043045
2020-11-18,279,0.006969650187697314
2020-11-18,280,0.0067821797000472955
2020-11-18,281,0.00787306600562224
2020-11-18,282,0.00726964132024023
2020-11-18,283,0.006098887723035361
2020-11-18,284,0.005671127968705222
2020-11-18,285,0.004231209405262117
2020-11-18,286,0.004274427829133887
2020-11-18,287,0.004461251507706382
2020-11-18,288,0.00472196399917374
2020-11-18,289,0.004945377762390785
2020-11-18,290,0.005373634087322256
2020-11-18,291,0.005559508368187391
2020-11-18,292,0.005187353026254174
2020-11-18,293,0.0049267618550975206
2020-11-18,294,0.005019837926237549
2020-11-18,295,0.005559508368187391
2020-11-18,296,0.005187353026254174
2020-11-18,297,0.00379426312174001
2020-11-18,298,0.004945377762390785
2020-11-18,299,0.005354840069661904
2020-11-18,300,0.006303403810797758
2020-11-18,301,0.007009592280956059
2020-11-18,302,0.007965868262639678
2020-11-18,303,0.007223208951298773
2020-11-18,304,0.007919282606132385
2020-11-18,305,0.008680157320324306
2020-11-18,306,0.007260355018927572
2020-11-18,307,0.007693933295185497
2020-11-18,308,0.007845223649043463
2020-11-18,309,0.007609831949115278
2020-11-18,310,0.007027983685148673
2020-11-18,311,0.007239181929477792
2020-11-18,312,0.007520338864253211
2020-11-18,313,0.006830304813459536
2020-11-18,314,0.0066448524541151905
2020-11-18,315,0.006823615747091535
2020-11-18,316,0.00737754181899945
2020-11-18,317,0.007770973574759275
2020-11-18,318,0.0071212359027430635
2020-11-18,319,0.006858918647841461
2020-11-18,320,0.0070467462843043045
2020-11-18,321,0.007065322768333872
2020-11-18,322,0.007009592280956059
2020-11-18,323,0.006620692801180466
2020-11-18,324,0.006210447137836112
2020-11-18,325,0.005001223405049088
2020-11-18,326,0.005205964083083739
2020-11-18,327,0.006098887723035361
2020-11-18,328,0.006549697212541564
2020-11-18,329,0.006656560383645147
2020-11-18,330,0.006300801141537361
2020-11-18,331,0.004628860197678327
2020-11-18,332,0.004312242417876425
2020-11-18,333,0.0046176871589654386
2020-11-18,334,0.003911670432995784
2020-11-18,335,0.003473652318137605
2020-11-18,336,0.002933227786420374
2020-11-18,337,0.0031753173976874914
2020-11-18,338,0.004368123428592015
2020-11-18,339,0.004004841028423234
2020-11-18,340,0.00399813303555158
2020-11-18,341,0.003510937925897442
2020-11-18,342,0.0033990769317095416
2020-11-18,343,0.0037066645616550776
2020-11-18,344,0.00466591654912721
2020-11-18,345,0.0051035989839094496
2020-11-18,346,0.005243185157660349
2020-11-18,347,0.0052617951754336196
2020-11-18,348,0.005140823868749151
2020-11-18,349,0.004707067973433132
2020-11-18,350,0.004656792248311558
2020-11-18,351,0.005447876307343731
2020-11-18,352,0.005559508368187391
2020-11-18,353,0.005019837926237549
2020-11-18,354,0.004730715310823171
2020-11-18,355,0.004368123428592015
2020-11-18,356,0.005131517777447049
2020-11-18,357,0.005782735111678106
2020-11-18,358,0.006454532915586044
2020-11-18,359,0.0060992596084255505
2020-11-18,360,0.005181769641662446
2020-11-18,361,0.0060429173951043825
2020-11-18,362,0.005457179455063801
2020-11-18,363,0.004508743488787551
2020-11-18,364,0.00534162822205849
2020-11-18,365,0.005512996523938007
2020-11-18,366,0.004815059133158273
2020-11-18,367,0.004535747727057927
2020-11-18,368,0.005168741623046947
2020-11-18,369,0.006489291237907603
2020-11-18,370,0.005671313990973309
2020-11-18,371,0.0052093140365287996
2020-11-18,372,0.00457280752901195
2020-11-18,373,0.003697345114298266
2020-11-18,374,0.0030447678772712846
2020-11-18,375,0.004014157610541958
2020-11-18,376,0.0037415185249503476
2020-11-18,377,0.003865081879795014
2020-11-18,378,0.003715983922160821
2020-11-18,379,0.003283101156718615
2020-11-18,380,0.0030634188522517085
2020-11-18,381,0.0035295802084590036
2020-11-18,382,0.0030634188522517085
2020-11-18,383,0.003510937925897442
2020-11-18,384,0.0033804322160873603
2020-11-18,385,0.00413526528006613
2020-11-18,386,0.0033990769317095416
2020-11-18,387,0.0038837175615353257
2020-11-18,388,0.00477782211956257
2020-11-18,389,0.006191854766285678
2021-02-24,0,0.0
2021-02-24,1,0.008906348829817803
2021-02-24,2,0.0166893059240644
2021-02-24,3,0.011466541015053575
2021-02-24,4,0.010806253020366972
2021-02-24,5,0.010730718700454065
2021-02-24,6,0.007298497249211448
2021-02-24,7,0.007104501735122935
2021-02-24,8,0.010301238846536897
2021-02-24,9,0.008414603122683427
2021-02-24,10,0.014509192915609108
2021-02-24,11,0.007245737009315962
2021-02-24,12,0.0033602182154638576
2021-02-24,13,0.0002922565324638487
2021-02-24,14,0.0002300927492942082
2021-02-24,15,0.001274674864986818
2021-02-24,16,0.0012159339101036216
2021-02-24,17,-0.0004784222787960826
2021-02-24,18,-0.003304893580722515
2021-02-24,19,-0.003709328144501669
2021-02-24,20,0.0005844276760017934
2021-02-24,21,0.002946989961017867
2021-02-24,22,0.005018476366334576
2021-02-24,23,0.003642669185618773
2021-02-24,24,0.005666390091899287
2021-02-24,25,0.005846575397914055
2021-02-24,26,0.0029717178220768628
2021-02-24,27,0.0013383659772672326
2021-02-24,28,0.0003719480378344301
2021-02-24,29,-0.00031892275252613404
2021-02-24,30,0.00026551418199215665
2021-02-24,31,-0.0024331158229615934
2021-02-24,32,-0.005346692075581124
2021-02-24,33,-0.005257467572692594
2021-02-24,34,-0.009218787481028362
2021-02-24,35,-0.00873009033536412
2021-02-24,36,-0.010703860978810698
2021-02-24,37,-0.009335008856057984
2021-02-24,38,-0.007503858248139974
2021-02-24,39,-0.009701641695265086
2021-02-24,40,-0.0062017631182604135
2021-02-24,41,-0.008289502427466724
2021-02-24,42,-0.006469178549724312
2021-02-24,43,-0.006183937965186433
2021-02-24,44,-0.008235916166971067
2021-02-24,45,-0.006997980193217084
2021-02-24,46,-0.007441390318708396
2021-02-24,47,-0.008218054718228588
2021-02-24,48,-0.012406355095285568
2021-02-24,49,-0.014255497925357278
2021-02-24,50,-0.008450278440032091
2021-02-24,51,-0.004741154746872714
2021-02-24,52,-0.004153950445188163
2021-02-24,53,-0.004278480123439815
2021-02-24,54,-0.008825523023491261
2021-02-24,55,-0.010542722264886022
2021-02-24,56,-0.010542722264886022
2021-02-24,57,-0.007968027928341604
2021-02-24,58,-0.0069683670444058736
2021-02-24,59,-0.005115009820078801
2021-02-24,60,-0.006576164748606761
2021-02-24,61,-0.005061593394515332
2021-02-24,62,-0.004705556790191654
2021-02-24,63,-0.005489004713174654
2021-02-24,64,-0.0056315157580216395
2021-02-24,65,-0.007584179891742399
2021-02-24,66,-0.009594320608357049
2021-02-24,67,-0.00865575207982713
2021-02-24,68,-0.008540145628715438
2021-02-24,69,-0.009206272138559122
2021-02-24,70,-0.010139989043349562
2021-02-24,71,-0.006654628569692405
2021-02-24,72,-0.007914458891232214
2021-02-24,73,-0.0074503140697179575
2021-02-24,74,-0.006210675813949852
2021-02-24,75,-0.012327438689241261
2021-02-24,76,-0.011393469854627542
2021-02-24,77,-0.014003957237324905
2021-02-24,78,-0.015028483034448044
2021-02-24,79,-0.015370225022575595
2021-02-24,80,-0.016648295490415212
2021-02-24,81,-0.013159961676562434
2021-02-24,82,-0.0142015910225653
2021-02-24,83,-0.014632927633555507
2021-02-24,84,-0.014399263874639927
2021-02-24,85,-0.014525076037247182
2021-02-24,86,-0.01357289178054571
2021-02-24,87,-0.013860248104362136
2021-02-24,88,-0.01254985542737617
2021-02-24,89,-0.012092519892056793
2021-02-24,90,-0.014084802701264623
2021-02-24,91,-0.016162076195938745
2021-02-24,92,-0.016000055618971245
2021-02-24,93,-0.01398599246624051
2021-02-24,94,-0.014875636263038677
2021-02-24,95,-0.014893617023625341
2021-02-24,96,-0.012639553593108973
2021-02-24,97,-0.012693376354767775
2021-02-24,98,-0.012594703504522511
2021-02-24,99,-0.012352547779271165
2021-02-24,100,-0.015244306491698424
2021-02-24,101,-0.015154194534275514
2021-02-24,102,-0.015424194961332724
2021-02-24,103,-0.016324123027827726
2021-02-24,104,-0.016774390944841105
2021-02-24,105,-0.01684645262967462
2021-02-24,106,-0.017260908122186905
2021-02-24,107,-0.014995394222635579
2021-02-24,108,-0.013968028017883318
2021-02-24,109,-0.013842285914770734
2021-02-24,110,-0.014974534447438457
2021-02-24,111,-0.01553214357789616
2021-02-24,112,-0.021107309801739416
2021-02-24,113,-0.022338391136162313
2021-02-24,114,-0.019344796635047894
2021-02-24,115,-0.01929061469207003
2021-02-24,116,-0.01963381658846819
2021-02-24,117,-0.019778357895915345
2021-02-24,118,-0.020094614861851847
2021-02-24,119,-0.01833388411022037
2021-02-24,120,-0.019606717419056063
2021-02-24,121,-0.019552521283227372
2021-02-24,122,-0.020655087119587617
2021-02-24,123,-0.02110712887177568
2021-02-24,124,-0.021451135865332354
2021-02-24,125,-0.022374622363861445
2021-02-24,126,-0.024641682958504274
2021-02-24,127,-0.022646398422063695
2021-02-24,128,-0.022166310728903415
2021-02-24,129,-0.021787475927491053
2021-02-24,130,-0.022945437421696063
2021-02-24,131,-0.02275512953014085
2021-02-24,132,-0.023616334998990886
2021-02-24,133,-0.02482327003000375
2021-02-24,134,-0.023824948941507856
2021-02-24,135,-0.023280829947399627
2021-02-24,136,-0.02418767799985553
2021-02-24,137,-0.02591348545551214
2021-02-24,138,-0.02384309134120357
2021-02-24,139,-0.025858946446472277
2021-02-24,140,-0.029647381692941257
2021-02-24,141,-0.02784244223356779
2021-02-24,142,-0.023915664231632355
2021-02-24,143,-0.023280829947399627
2021-02-24,144,-0.023434966939222788
2021-02-24,145,-0.02519562664295459
2021-02-24,146,-0.024578135272753404
2021-02-24,147,-0.03004892215353736
2021-02-24,148,-0.028143039330970128
2021-02-24,149,-0.028279704251575694
2021-02-24,150,-0.030688069005583733
2021-02-24,151,-0.030980386537582033
2021-02-24,152,-0.03363341757893122
2021-02-24,153,-0.03414653883340924
2021-02-24,154,-0.03299238604570259
2021-02-24,155,-0.03315718348255972
2021-02-24,156,-0.03513687397771269
2021-02-24,157,-0.03385329444877043
2021-02-24,158,-0.03407321967508019
2021-02-24,159,-0.033074781369356765
2021-02-24,160,-0.0375986171789326
2021-02-24,161,-0.03763540555381019
2021-02-24,162,-0.03530202522910886
2021-02-24,163,-0.033963251016037234
2021-02-24,164,-0.03428237677913232
2021-02-24,165,-0.03447654158642689
2021-02-24,166,-0.033523497271043756
2021-02-24,167,-0.03280930962909521
2021-02-24,168,-0.033322008082088676
2021-02-24,169,-0.03432986025136369
2021-02-24,170,-0.034421533564409905
2021-02-24,171,-0.03835304950441769
2021-02-24,172,-0.03918174068024274
2021-02-24,173,-0.03513687397771269
2021-02-24,174,-0.037460672825465786
2021-02-24,175,-0.041635005396689996
2021-02-24,176,-0.039439695834327285
2021-02-24,177,-0.04137315998333306
2021-02-24,178,-0.042004438505792385
2021-02-24,179,-0.04157960219991146
2021-02-24,180,-0.042752958827026837
2021-02-24,181,-0.0409410249703224
2021-02-24,182,-0.04318754244266729
2021-02-24,183,-0.044168361042111234
2021-02-24,184,-0.04376111200369905
2021-02-24,185,-0.041708881100851546
2021-02-24,186,-0.04289163520742581
2021-02-24,187,-0.041705741272376674
2021-02-24,188,-0.0380953744680219
2021-02-24,189,-0.038021765222667425
2021-02-24,190,-0.039124631036158375
2021-02-24,191,-0.04119186574505789
2021-02-24,192,-0.03891464297155037
2021-02-24,193,-0.041745820999640436
2021-02-24,194,-0.04151496901628926
2021-02-24,195,-0.04574338337169098
2021-02-24,196,-0.04154728508591919
2021-02-24,197,-0.041902830794603246
2021-02-24,198,-0.04370559089178208
2021-02-24,199,-0.04346503502152148
2021-02-24,200,-0.04374260462388093
2021-02-24,201,-0.04545598841952036
2021-02-24,202,-0.046578224104747934
2021-02-24,203,-0.04732089031043876
2021-02-24,204,-0.04745091362194401
2021-02-24,205,-0.04961735875773579
2021-02-24,206,-0.05221770413943861
2021-02-24,207,-0.05329150217252078
2021-02-24,208,-0.05199375251205394
2021-02-24,209,-0.05171388348892925
2021-02-24,210,-0.04906833001299176
2021-02-24,211,-0.050557921767964475
2021-02-24,212,-0.05313269416639525
2021-02-24,213,-0.05049270569311032
2021-02-24,214,-0.050297082983484835
2021-02-24,215,-0.05039041818855778
2021-02-24,216,-0.04945913311833692
2021-02-24,217,-0.04733017712919264
2021-02-24,218,-0.04917997245956591
2021-02-24,219,-0.04746020164828492
2021-02-24,220,-0.04992457413209203
2021-02-24,221,-0.04895670002906226
2021-02-24,222,-0.04838014354310417
2021-02-24,223,-0.04731587546417204
2021-02-24,224,-0.04596593942891626
2021-02-24,225,-0.04803771477544465
2021-02-24,226,-0.04741376237923077
2021-02-24,227,-0.047190883902796944
2021-02-24,228,-0.04694948826345812
2021-02-24,229,-0.047246598865064375
2021-02-24,230,-0.04602158618333369
2021-02-24,231,-0.047971175994555575
2021-02-24,232,-0.052143048024134976
2021-02-24,233,-0.050977269548537874
2021-02-24,234,-0.04754379776761613
2021-02-24,235,-0.04833366153395754
2021-02-24,236,-0.04899390863913894
2021-02-24,237,-0.05028776857082834
2021-02-24,238,-0.04652254636747665
2021-02-24,239,-0.0472651712089877
2021-02-24,240,-0.048770677743055955
2021-02-24,241,-0.049589434766837186
2021-02-24,242,-0.04971975339606958
2021-02-24,243,-0.0518381356672801
2021-02-24,244,-0.05333821520967095
2021-02-24,245,-0.05328215982693801
2021-02-24,246,-0.05607004835836392
2021-02-24,247,-0.05711779496966838
2021-02-24,248,-0.05479675916845348
2021-02-24,249,-0.055508103264342086
2021-02-24,250,-0.05838672051629262
2021-02-24,251,-0.05753258518247697
2021-02-24,252,-0.05768270997399158
2021-02-24,253,-0.055077492445612344
2021-02-24,254,-0.05294589350084173
2021-02-24,255,-0.05580776801664531
2021-02-24,256,-0.05635113936811361
2021-02-24,257,-0.054806115674734104
2021-02-24,258,-0.05584523242546134
2021-02-24,259,-0.05282449177772185
2021-02-24,260,-0.05352508918240778
2021-02-24,261,-0.05590143167053308
2021-02-24,262,-0.055583011034185455
2021-02-24,263,-0.05519916801190488
2021-02-24,264,-0.05384939840427735
2021-02-24,265,-0.05479675916845348
2021-02-24,266,-0.052367033092733425
2021-02-24,267,-0.052721778753153245
2021-02-24,268,-0.050725639778476446
2021-02-24,269,-0.05118234803838732
2021-02-24,270,-0.05232036539936902
2021-02-24,271,-0.05156465203066078
2021-02-24,272,-0.053076650302716716
2021-02-24,273,-0.05070700305481192
2021-02-24,274,-0.05042749387111557
2021-02-24,275,-0.04719459813704258
2021-02-24,276,-0.0450760122329676
2021-02-24,277,-0.04522427844522289
2021-02-24,278,-0.04455725353675793
2021-02-24,279,-0.04578047260839876
2021-02-24,280,-0.04569702376017632
2021-02-24,281,-0.04374260462388093
2021-02-24,282,-0.045279883942767434
2021-02-24,283,-0.04435352908263668
2021-02-24,284,-0.045520876834643495
2021-02-24,285,-0.045150142591236425
2021-02-24,286,-0.0443350107355838
2021-02-24,287,-0.04430723385798093
2021-02-24,288,-0.04458874192819438
2021-02-24,289,-0.04013097514329387
2021-02-24,290,-0.04036150781309932
2021-02-24,291,-0.03962030404217113
2021-02-24,292,-0.04076737443614131
2021-02-24,293,-0.03955026841612537
2021-02-24,294,-0.03897910830073741
2021-02-24,295,-0.043132053165955864
2021-02-24,296,-0.04348353726491903
2021-02-24,297,-0.041930540964699406
2021-02-24,298,-0.04089654836902136
2021-02-24,299,-0.04135802010283824
2021-02-24,300,-0.0435725378394107
2021-02-24,301,-0.046207097731959544
2021-02-24,302,-0.045279883942767434
2021-02-24,303,-0.047255884993909716
2021-02-24,304,-0.04800909140527873
2021-02-24,305,-0.04750664307404529
2021-02-24,306,-0.04787825214558273
2021-02-24,307,-0.04553941715520618
2021-02-24,308,-0.04654110526879012
2021-02-24,309,-0.048635461261169875
2021-02-24,310,-0.047748173261847965
2021-02-24,311,-0.046763838954468624
2021-02-24,312,-0.04758095384170963
2021-02-24,313,-0.04897530416104052
2021-02-24,314,-0.04974917052179132
2021-02-24,315,-0.04815704960103852
2021-02-24,316,-0.048779978035550224
2021-02-24,317,-0.04815704960103852
2021-02-24,318,-0.04833477707687268
2021-02-24,319,-0.047989761800576056
2021-02-24,320,-0.048491709181003616
2021-02-24,321,-0.04746948976089407
2021-02-24,322,-0.04830577336551118
2021-02-24,323,-0.050783602208959874
2021-02-24,324,-0.0517791792554547
2021-02-24,325,-0.04971975339606958
2021-02-24,326,-0.05046848366280016
2021-02-24,327,-0.05093215792428984
2021-02-24,328,-0.051061160211090195
2021-02-24,329,-0.05212438486614135
2021-02-24,330,-0.050874746072902204
2021-02-24,331,-0.05113573559751851
2021-02-24,332,-0.05262841243031812
2021-02-24,333,-0.051405931507978564
2021-02-24,334,-0.052561194075200546
2021-02-24,335,-0.052833829848569866
2021-02-24,336,-0.056379252815245674
2021-02-24,337,-0.055676840931887045
2021-02-24,338,-0.057961438878153256
2021-02-24,339,-0.05856514856565536
2021-02-24,340,-0.05879997082976349
2021-02-24,341,-0.05820832429781925
2021-02-24,342,-0.05845245346213817
2021-02-24,343,-0.05785162730812702
2021-02-24,344,-0.05825320203462943
2021-02-24,345,-0.059843248130663905
2021-02-24,346,-0.059824440709254856
2021-02-24,347,-0.05714592997869971
2021-02-24,348,-0.059467166892684886
2021-02-24,349,-0.058546365166423045
2021-02-24,350,-0.05855575682193719
2021-02-24,351,-0.060464091556966575
2021-02-24,352,-0.059523570062557894
2021-02-24,353,-0.0611983128917811
2021-02-24,354,-0.061350495927584056
2021-02-24,355,-0.060727596169821964
2021-02-24,356,-0.05973981168991371
2021-02-24,357,-0.060802895957135554
2021-02-24,358,-0.06070877210890674
2021-02-24,359,-0.06020065636050105
2021-02-24,360,-0.05971160360829645
2021-02-24,361,-0.06281927262847878
2021-02-24,362,-0.06253635784995293
2021-02-24,363,-0.06228180296607432
2021-02-24,364,-0.0630456620947892
2021-02-24,365,-0.06278154603311088
2021-02-24,366,-0.06534074661775767
2021-02-24,367,-0.0646601722623741
2021-02-24,368,-0.06247978449787254
2021-02-24,369,-0.06280040915288283
2021-02-24,370,-0.06300792695771194
2021-02-24,371,-0.06346084260991543
2021-02-24,372,-0.06293246095511025
2021-02-24,373,-0.0594197906883898
2021-02-24,374,-0.05856514856565536
2021-02-24,375,-0.05494647377526449
2021-02-24,376,-0.05692293486838295
2021-02-24,377,-0.051788507570154796
2021-02-24,378,-0.05329150217252078
2021-02-24,379,-0.05414202118055072
2021-02-24,380,-0.05433652713603869
2021-02-24,381,-0.053898941926168085
2021-02-24,382,-0.05395503189449198
2021-02-24,383,-0.05395503189449198
2021-02-24,384,-0.05799973497948334
2021-02-24,385,-0.05435710209388409
2021-02-24,386,-0.05376807756688947
2021-02-24,387,-0.05328215982693801
2021-02-24,388,-0.053571813132646064
2021-02-24,389,-0.058715428462245124
2021-05-26,0,0.0
2021-05-26,1,-0.0008852553498169391
2021-05-26,2,-0.00100949413692525
2021-05-26,3,-0.001955818379713859
2021-05-26,4,-0.007149247862152553
2021-05-26,5,-0.005196134830961237
2021-05-26,6,-0.003368951112106014
2021-05-26,7,-0.0011457737829694463
2021-05-26,8,0.0004643454813753322
2021-05-26,9,-0.0006087792562256796
2021-05-26,10,-0.005041595727431253
2021-05-26,11,-0.004655352421536721
2021-05-26,12,-0.005750096151574597
2021-05-26,13,-0.0058950785525758165
2021-05-26,14,-0.005073789404595793
2021-05-26,15,-0.006168991562739612
2021-05-26,16,-0.007862472069072628
2021-05-26,17,-0.008976894259657149
2021-05-26,18,-0.0072976598541138185
2021-05-26,19,-0.008185365194254514
2021-05-26,20,-0.0059111890058437455
2021-05-26,21,-0.006394623332649934
2021-05-26,22,-0.0058628584246591675
2021-05-26,23,-0.00529917416953986
2021-05-26,24,-0.005846748749993721
2021-05-26,25,-0.007378327784621916
2021-05-26,26,-0.007039566196945838
2021-05-26,27,-0.007358160191925907
2021-05-26,28,-0.006543568193989046
2021-05-26,29,-0.00641880118493246
2021-05-26,30,-0.008476865774273002
2021-05-26,31,-0.004848455426497629
2021-05-26,32,-0.0033127088202980007
2021-05-26,33,-0.002357073511131779
2021-05-26,34,-0.0023891808781699693
2021-05-26,35,-0.004092348216305404
2021-05-26,36,-0.003127934986960521
2021-05-26,37,-0.0022286543508165603
2021-05-26,38,-0.0011217230840948741
2021-05-26,39,-0.00013614213259651985
2021-05-26,40,-0.000977431036741392
2021-05-26,41,0.0011844549691310215
2021-05-26,42,-0.00035240597532653847
2021-05-26,43,-0.00043251556528827654
2021-05-26,44,-0.001522643602964095
2021-05-26,45,-0.0009466514277167536
2021-05-26,46,0.00040031064640332883
2021-05-26,47,-6.086125078155665e-05
2021-05-26,48,0.0020317595911179117
2021-05-26,49,0.0015443153471893646
2021-05-26,50,0.0007836580098224647
2021-05-26,51,0.0017761567686960119
2021-05-26,52,0.0034374459274925154
2021-05-26,53,0.00417136749465103
2021-05-26,54,0.003325714975508536
2021-05-26,55,0.0049684978676692625
2021-05-26,56,0.004003889356137856
2021-05-26,57,0.003373601197853349
2021-05-26,58,0.003413504631548946
2021-05-26,59,0.002583185150378393
2021-05-26,60,0.0027347698940875364
2021-05-26,61,0.0028786662876550953
2021-05-26,62,0.003916151516745523
2021-05-26,63,0.00574906963626867
2021-05-26,64,0.0044902958979284174
2021-05-26,65,0.005462399782418189
2021-05-26,66,0.005159714644337003
2021-05-26,67,0.005764993329928965
2021-05-26,68,0.007880588274870107
2021-05-26,69,0.00841275878850364
2021-05-26,70,0.0066085864497607595
2021-05-26,71,0.005531367315382047
2021-05-26,72,0.004370709666147429
2021-05-26,73,0.004888813418047547
2021-05-26,74,0.004649721964427683
2021-05-26,75,0.004859647322149636
2021-05-26,76,0.004665663173250083
2021-05-26,77,0.0012324438357231159
2021-05-26,78,0.002191737868934247
2021-05-26,79,0.002111831838383721
2021-05-26,80,-0.0003432738895587864
2021-05-26,81,-0.00263001899597989
2021-05-26,82,-0.0025657898262804913
2021-05-26,83,-0.0032563090128137706
2021-05-26,84,-0.0036744823631692674
2021-05-26,85,-0.002766519680702762
2021-05-26,86,-0.0030313841568497496
2021-05-26,87,-0.0022286543508165603
2021-05-26,88,-0.0025336767883843924
2021-05-26,89,-0.003176133565111951
2021-05-26,90,-0.0012660359546482773
2021-05-26,91,-0.0012339646280150364
2021-05-26,92,-0.002002997630224077
2021-05-26,93,-0.0010816398713398958
2021-05-26,94,-0.001995936648375181
2021-05-26,95,0.0010004763101363876
2021-05-26,96,-0.0006087792562256796
2021-05-26,97,0.0007044395994226145
2021-05-26,98,0.0018960536575155429
2021-05-26,99,0.0025352610621250673
2021-05-26,100,0.002287616678192972
2021-05-26,101,0.0028946357540356933
2021-05-26,102,0.00484099970028266
2021-05-26,103,0.00555796553172648
2021-05-26,104,0.005084188386418373
2021-05-26,105,0.004011865141653174
2021-05-26,106,0.0035207571695628766
2021-05-26,107,0.0035172461078833792
2021-05-26,108,0.0038204287298629464
2021-05-26,109,0.004091619498277285
2021-05-26,110,0.0037725639001330072
2021-05-26,111,0.003796496601378328
2021-05-26,112,0.0037087405631082574
2021-05-26,113,0.00393210442376432
2021-05-26,114,0.003421485127217673
2021-05-26,115,0.004529198202448373
2021-05-26,116,0.003421485127217673
2021-05-26,117,0.0014083833129969088
2021-05-26,118,0.0009364757981105363
2021-05-26,119,-0.0006248047688420847
2021-05-26,120,-0.001859541101077145
2021-05-26,121,-0.0014584855174194502
2021-05-26,122,-0.0012660359546482773
2021-05-26,123,-0.00024042352457363217
2021-05-26,124,0.0001441302940351083
2021-05-26,125,0.0005283762161500216
2021-05-26,126,0.001088470326600036
2021-05-26,127,0.0014723536307911867
2021-05-26,128,0.0006860344238866606
2021-05-26,129,0.0004643454813753322
2021-05-26,130,0.0017921438511337205
2021-05-26,131,0.001956795928080295
2021-05-26,132,0.001688223246382413
2021-05-26,133,0.0008164637967662101
2021-05-26,134,0.000352281829103568
2021-05-26,135,0.0004723495474408139
2021-05-26,136,0.0007706954266387625
2021-05-26,137,0.0003042507049259409
2021-05-26,138,-0.00030434330159059283
2021-05-26,139,-0.0008812479039825236
2021-05-26,140,-0.000591952744373199
2021-05-26,141,-4.0039879725493964e-05
2021-05-26,142,-0.0007850740215290774
2021-05-26,143,-0.0018434957891158457
2021-05-26,144,-0.001971865494041847
2021-05-26,145,-0.0016830568277744113
2021-05-26,146,-0.0009613998721571202
2021-05-26,147,-0.0013782936985459464
2021-05-26,148,-0.0016557847640717247
2021-05-26,149,-0.0014745246529103684
2021-05-26,150,-0.0011537908111373064
2021-05-26,151,-0.001731185813465483
2021-05-26,152,-0.0011056896061926941
2021-05-26,153,-0.0013141448732491797
2021-05-26,154,-0.0018629106492986654
2021-05-26,155,-0.00210025167986455
2021-05-26,156,-0.001837398638073876
2021-05-26,157,-0.0026139613167959403
2021-05-26,158,-0.002933075752060566
2021-05-26,159,-0.0023891808781699693
2021-05-26,160,-0.0021838720469777965
2021-05-26,161,-0.002710311259863403
2021-05-26,162,-0.001976679678555077
2021-05-26,163,-0.0021593148607936086
2021-05-26,164,-0.0009293383139625798
2021-05-26,165,6.566193235836542e-05
2021-05-26,166,-1.6015759507674917e-05
2021-05-26,167,-0.0007166359082690948
2021-05-26,168,-0.0003844490412097783
2021-05-26,169,-0.0001761874639168633
2021-05-26,170,-0.0005687165982232704
2021-05-26,171,-0.0005767290014234558
2021-05-26,172,-0.0014023505689887967
2021-05-26,173,-0.001506603695674438
2021-05-26,174,-0.001618888449928964
2021-05-26,175,-0.0013702748703372809
2021-05-26,176,-0.0019237249235667467
2021-05-26,177,-0.002260597076068341
2021-05-26,178,-0.0020521049285573616
2021-05-26,179,-0.001650972124154154
2021-05-26,180,-0.0024855091650457396
2021-05-26,181,-0.002694252291330629
2021-05-26,182,-0.0027318306820259906
2021-05-26,183,-0.0024694538061680077
2021-05-26,184,-0.0029431952886854696
2021-05-26,185,-0.0029994168014604744
2021-05-26,186,-0.003385020919348999
2021-05-26,187,-0.0032082672412072155
2021-05-26,188,-0.0032582371588452687
2021-05-26,189,-0.0028548535829102024
2021-05-26,190,-0.0034491420211515225
2021-05-26,191,-0.003610025340027963
2021-05-26,192,-0.003867235256888192
2021-05-26,193,-0.0036502100288631754
2021-05-26,194,-0.0034171613085718336
2021-05-26,195,-0.0029672898356890385
2021-05-26,196,-0.003213569397007465
2021-05-26,197,-0.0032564696915077036
2021-05-26,198,-0.00371450888999166
2021-05-26,199,-0.0038350803990903257
2021-05-26,200,-0.0036260990217854613
2021-05-26,201,-0.0034493027308326015
2021-05-26,202,-0.003176133565111951
2021-05-26,203,-0.0029030390004059453
2021-05-26,204,-0.0022045775941150706
2021-05-26,205,-0.001955818379713859
2021-05-26,206,-0.0016910781645302134
2021-05-26,207,-0.00210025167986455
2021-05-26,208,-0.0017955218420084831
2021-05-26,209,-0.0021532157838567165
2021-05-26,210,-0.0016349301583713457
2021-05-26,211,-0.0019397715228916177
2021-05-26,212,-0.0014905640456592802
2021-05-26,213,-0.0021215974812867776
2021-05-26,214,-0.002132350801956494
2021-05-26,215,-0.0019930480792616514
2021-05-26,216,-0.002169587074455733
2021-05-26,217,-0.0019078390438751116
2021-05-26,218,-0.0025657898262804913
2021-05-26,219,-0.0025015647817021583
2021-05-26,220,-0.0019076785817310937
2021-05-26,221,-0.0015547241894001433
2021-05-26,222,-0.0005927540004222136
2021-05-26,223,-0.0005206435271458347
2021-05-26,224,-0.0014424466391782732
2021-05-26,225,-0.001506603695674438
2021-05-26,226,-0.0013141448732491797
2021-05-26,227,-0.00048058439986857005
2021-05-26,228,0.00022419370429865816
2021-05-26,229,0.0005083670519520136
2021-05-26,230,0.00040031064640332883
2021-05-26,231,0.0005603900461272595
2021-05-26,232,0.0017761567686960119
2021-05-26,233,0.0017921438511337205
2021-05-26,234,0.0023435417386266184
2021-05-26,235,0.0023035955860349383
2021-05-26,236,0.001696217522480647
2021-05-26,237,0.0008324662291362492
2021-05-26,238,0.0011364637994970895
2021-05-26,239,0.0011364637994970895
2021-05-26,240,0.0005763965767920897
2021-05-26,241,-0.00010410702211251618
2021-05-26,242,0.0005283762161500216
2021-05-26,243,0.0013444089027392745
2021-05-26,244,0.0018880609788093172
2021-05-26,245,0.0023195742385554888
2021-05-26,246,0.002447394268127941
2021-05-26,247,0.000352281829103568
2021-05-26,248,0.0009124745500444077
2021-05-26,249,0.0019360160928317233
2021-05-26,250,0.002207718308876076
2021-05-26,251,0.0023766159454058546
2021-05-26,252,0.0019520006198099262
2021-05-26,253,0.0014901046686477968
2021-05-26,254,0.0011924532734904176
2021-05-26,255,0.000896473397961139
2021-05-26,256,0.0012006114780327801
2021-05-26,257,0.0012965853578554216
2021-05-26,258,0.0007844581637721168
2021-05-26,259,0.0008644703256632907
2021-05-26,260,0.0011924532734904176
2021-05-26,261,0.0009764765981317027
2021-05-26,262,0.00040031064640332883
2021-05-26,263,-6.406457711553132e-05
2021-05-26,264,5.220959495024958e-05
2021-05-26,265,-0.0007204824227259383
2021-05-26,266,-0.00046456119827233903
2021-05-26,267,-0.000701410267070916
2021-05-26,268,-0.0014264080181785857
2021-05-26,269,-0.0010255260725413173
2021-05-26,270,-0.0010896563853588063
2021-05-26,271,-0.0016028469988189754
2021-05-26,272,-0.0016830568277744113
2021-05-26,273,-0.0036743216172955696
2021-05-26,274,-0.0035778787515819387
2021-05-26,275,-0.003561805844876802
2021-05-26,276,-0.0035016954635546695
2021-05-26,277,-0.003995865028426169
2021-05-26,278,-0.003819003357908661
2021-05-26,279,-0.0038270418461905866
2021-05-26,280,-0.004108429652699627
2021-05-26,281,-0.004285342523572455
2021-05-26,282,-0.0033528815630975836
2021-05-26,283,-0.003593951916629557
2021-05-26,284,-0.0036903963325724985
2021-05-26,285,-0.0038270418461905866
2021-05-26,286,-0.0037394258101493107
2021-05-26,287,-0.004156675513616323
2021-05-26,288,-0.004542726219736368
2021-05-26,289,-0.003947626925139104
2021-05-26,290,-0.004301427063916827
2021-05-26,291,-0.003865627489442153
2021-05-26,292,-0.004221006949194515
2021-05-26,293,-0.004494461730325034
2021-05-26,294,-0.004928926018563195
2021-05-26,295,-0.005025499277502959
2021-05-26,296,-0.004253174219000218
2021-05-26,297,-0.003987825182951967
2021-05-26,298,-0.004301427063916827
2021-05-26,299,-0.0036743216172955696
2021-05-26,300,-0.003949717194716947
2021-05-26,301,-0.004510549634634503
2021-05-26,302,-0.004156675513616323
2021-05-26,303,-0.003995865028426169
2021-05-26,304,-0.004011944913294517
2021-05-26,305,-0.004044105458740095
2021-05-26,306,-0.0036662843565547433
2021-05-26,307,-0.003561805844876802
2021-05-26,308,-0.003545733196505844
2021-05-26,309,-0.0034332318905682837
2021-05-26,310,-0.003597970248258392
2021-05-26,311,-0.003561805844876802
2021-05-26,312,-0.0033721650528954917
2021-05-26,313,-0.003690235584140787
2021-05-26,314,-0.003127934986960521
2021-05-26,315,-0.003047609185466649
2021-05-26,316,-0.0025898752814766533
2021-05-26,317,-0.0029030390004059453
2021-05-26,318,-0.0024855091650457396
2021-05-26,319,-0.0029191013222148853
2021-05-26,320,-0.002710311259863403
2021-05-26,321,-0.00297532148036911
2021-05-26,322,-0.0029191013222148853
2021-05-26,323,-0.003127934986960521
2021-05-26,324,-0.001987912865883845
2021-05-26,325,-0.00106560703609299
2021-05-26,326,-0.0015385233646173307
2021-05-26,327,-0.001971865494041847
2021-05-26,328,-0.0022665362882318364
2021-05-26,329,-0.0029833531895570153
2021-05-26,330,-0.0036421729619103573
2021-05-26,331,-0.004188840714088662
2021-05-26,332,-0.004945020914067523
2021-05-26,333,-0.004333596920763692
2021-05-26,334,-0.004381853646554368
2021-05-26,335,-0.005025499277502959
2021-05-26,336,-0.005041595727431253
2021-05-26,337,-0.004751899262920978
2021-05-26,338,-0.004414026090858553
2021-05-26,339,-0.005444091204790958
2021-05-26,340,-0.0055085055176734565
2021-05-26,341,-0.004819004808463126
2021-05-26,342,-0.0045266377977688016
2021-05-26,343,-0.004582948407104839
2021-05-26,344,-0.004767991309427317
2021-05-26,345,-0.004906071712030282
2021-05-26,346,-0.00469815370435887
2021-05-26,347,-0.0049699685140493395
2021-05-26,348,-0.004341639546681309
2021-05-26,349,-0.004639262187503943
2021-05-26,350,-0.005202574478583777
2021-05-26,351,-0.005089886631848724
2021-05-26,352,-0.0048967370046709025
2021-05-26,353,-0.005138179868390265
2021-05-26,354,-0.005444091204790958
2021-05-26,355,-0.005460194394027912
2021-05-26,356,-0.00510598411822655
2021-05-26,357,-0.005411885604234283
2021-05-26,358,-0.0052186737790694965
2021-05-26,359,-0.005041595727431253
2021-05-26,360,-0.00562124055020424
2021-05-26,361,-0.00529917416953986
2021-05-26,362,-0.005138179868390265
2021-05-26,363,-0.006168991562739612
2021-05-26,364,-0.00616883041538312
2021-05-26,365,-0.006201221555974058
2021-05-26,366,-0.0052186737790694965
2021-05-26,367,-0.006314034713331023
2021-05-26,368,-0.005750096151574597
2021-05-26,369,-0.005750096151574597
2021-05-26,370,-0.0059113501116873505
2021-05-26,371,-0.005605134767422607
2021-05-26,372,-0.005943410691040735
2021-05-26,373,-0.005444091204790958
2021-05-26,374,-0.005661506142053537
2021-05-26,375,-0.005846748749993721
2021-05-26,376,-0.0062495684936078
2021-05-26,377,-0.0055085055176734565
2021-05-26,378,-0.005605134767422607
2021-05-26,379,-0.006305976208586435
2021-05-26,380,-0.0068297528840618365
2021-05-26,381,-0.006104534692420501
2021-05-26,382,-0.006064251258171774
2021-05-26,383,-0.006152876955653694
2021-05-26,384,-0.005975633414508176
2021-05-26,385,-0.006314034713331023
2021-05-26,386,-0.007063759647779843
2021-05-26,387,-0.007136343512418617
2021-05-26,388,-0.007459002222969892
2021-05-26,389,-0.008637590797930257
2021-08-18,0,0.0
2021-08-18,1,-0.0027118135396093763
2021-08-18,2,-0.011674192822854413
2021-08-18,3,-0.011323020213213415
2021-08-18,4,-0.014182424267955521
2021-08-18,5,-0.015281756926766159
2021-08-18,6,-0.021482062136868006
2021-08-18,7,-0.020585973338308337
2021-08-18,8,-0.028515809774552797
2021-08-18,9,-0.02648666135481918
2021-08-18,10,-0.03154571242473027
2021-08-18,11,-0.025583432754356032
2021-08-18,12,-0.028887408982544705
2021-08-18,13,-0.025230516442388117
2021-08-18,14,-0.02090196238665062
2021-08-18,15,-0.026898308593258036
2021-08-18,16,-0.018797252322666734
2021-08-18,17,-0.01869213301215252
2021-08-18,18,-0.021270742518849455
2021-08-18,19,-0.023275068312484083
2021-08-18,20,-0.01643473645808868
2021-08-18,21,-0.01969699994396385
2021-08-18,22,-0.020059546710021463
2021-08-18,23,-0.018060598620088505
2021-08-18,24,-0.015753269705639367
2021-08-18,25,-0.019060098953172133
2021-08-18,26,-0.018613300780239924
2021-08-18,27,-0.0184819275355259
2021-08-18,28,-0.019585999570078474
2021-08-18,29,-0.023433475789648255
2021-08-18,30,-0.01612015563443842
2021-08-18,31,-0.011256765214393043
2021-08-18,32,-0.011935173590053284
2021-08-18,33,-0.012352884540153755
2021-08-18,34,-0.01703795978702713
2021-08-18,35,-0.01546509659019664
2021-08-18,36,-0.018087911323228425
2021-08-18,37,-0.013456480535414664
2021-08-18,38,-0.008911976082869534
2021-08-18,39,-0.007559710832855824
2021-08-18,40,-0.01010973693430606
2021-08-18,41,-0.006728455589645383
2021-08-18,42,-0.006235224526857449
2021-08-18,43,-0.008131599901966184
2021-08-18,44,-0.008859932053608998
2021-08-18,45,-0.011022038734864374
2021-08-18,46,-0.005582975633169754
2021-08-18,47,-0.005534735453084519
2021-08-18,48,-0.0010322048810769509
2021-08-18,49,-0.0019621011096795714
2021-08-18,50,-0.0009289364346588624
2021-08-18,51,-0.0010580236590755892
2021-08-18,52,-0.00408343161673661
2021-08-18,53,-0.0022205591504555356
2021-08-18,54,-0.002375666045267984
2021-08-18,55,-0.004031638272169763
2021-08-18,56,-0.0019104175166245224
2021-08-18,57,-0.00028375014700340905
2021-08-18,58,-0.003746822817711643
2021-08-18,59,-0.0035811493287149295
2021-08-18,60,-0.0021688621979794364
2021-08-18,61,-0.0034931464504463104
2021-08-18,62,-0.00346208845999934
2021-08-18,63,-0.006977759617196727
2021-08-18,64,-0.006728455589645383
2021-08-18,65,-0.006936204629553343
2021-08-18,66,-0.005690357292330011
2021-08-18,67,-0.004140407394277211
2021-08-18,68,-0.005788930318160584
2021-08-18,69,-0.0053013480938403435
2021-08-18,70,-0.0053013480938403435
2021-08-18,71,-0.0028928628501767224
2021-08-18,72,0.0005930357155509752
2021-08-18,73,-0.00038695198408768234
2021-08-18,74,0.002319087439893114
2021-08-18,75,0.0010826696595417973
2021-08-18,76,0.0021641684130820527
2021-08-18,77,-0.0011871275491551708
2021-08-18,78,-0.003669159952171624
2021-08-18,79,-0.002246408628943713
2021-08-18,80,-0.0026621600280096296
2021-08-18,81,-0.0011871275491551708
2021-08-18,82,-0.0011354839929683701
2021-08-18,83,-0.0016520396116655187
2021-08-18,84,0.0002063131841441881
2021-08-18,85,0.003947115797859847
2021-08-18,86,0.006632244562161935
2021-08-18,87,0.006427253017345335
2021-08-18,88,0.007144539655333309
2021-08-18,89,0.008097734388590768
2021-08-18,90,0.010621203518213553
2021-08-18,91,0.013475290364642572
2021-08-18,92,0.015508948089279
2021-08-18,93,0.01601671696380231
2021-08-18,94,0.01991792520486386
2021-08-18,95,0.01675252416477687
2021-08-18,96,0.015813640352452855
2021-08-18,97,0.02241783181341767
2021-08-18,98,0.016460803326864275
2021-08-18,99,0.020120170124149826
2021-08-18,100,0.02403061345473379
2021-08-18,101,0.027725654241030292
2021-08-18,102,0.033378701027061954
2021-08-18,103,0.03165600470678604
2021-08-18,104,0.028327048500668344
2021-08-18,105,0.032379898658212974
2021-08-18,106,0.03688979195055618
2021-08-18,107,0.03604924888043516
2021-08-18,108,0.038702758882420876
2021-08-18,109,0.04419605456106931
2021-08-18,110,0.03994262315214736
2021-08-18,111,0.038007762825852075
2021-08-18,112,0.036268156532131966
2021-08-18,113,0.039595616084592965
2021-08-18,114,0.042960961874594986
2021-08-18,115,0.039992185762124696
2021-08-18,116,0.03756072444761372
2021-08-18,117,0.03775943284369722
2021-08-18,118,0.04053721240759965
2021-08-18,119,0.036566589759912504
2021-08-18,120,0.04028950984756581
2021-08-18,121,0.041490294834725085
2021-08-18,122,0.03964519589570398
2021-08-18,123,0.039380411215173786
2021-08-18,124,0.04118837740932167
2021-08-18,125,0.040316264679663295
2021-08-18,126,0.0383553212315751
2021-08-18,127,0.03679035624808522
2021-08-18,128,0.04419605456106931
2021-08-18,129,0.04570020358277755
2021-08-18,130,0.04769402585778847
2021-08-18,131,0.04533054058799424
2021-08-18,132,0.0433072972814153
2021-08-18,133,0.04259077903513766
2021-08-18,134,0.04618056127373401
2021-08-18,135,0.0464637410147316
2021-08-18,136,0.04621159183563832
2021-08-18,137,0.05279582745598277
2021-08-18,138,0.050640548639793885
2021-08-18,139,0.051718768701122776
2021-08-18,140,0.054458094388067986
2021-08-18,141,0.052355352714981186
2021-08-18,142,0.04964903091595154
2021-08-18,143,0.0485051854917698
2021-08-18,144,0.049168372497961486
2021-08-18,145,0.05147382075133722
2021-08-18,146,0.05067046041721512
2021-08-18,147,0.05196316695001863
2021-08-18,148,0.04906720350489471
2021-08-18,149,0.05137582476909398
2021-08-18,150,0.05313828483561689
2021-08-18,151,0.054413151753425426
2021-08-18,152,0.052893195128377916
2021-08-18,153,0.05196316695001863
2021-08-18,154,0.05083667514201605
2021-08-18,155,0.051522815141489285
2021-08-18,156,0.04870173120156396
2021-08-18,157,0.046956036598936914
2021-08-18,158,0.04552771119049623
2021-08-18,159,0.04157689366569498
2021-08-18,160,0.04293674849442822
2021-08-18,161,0.03984349056222739
2021-08-18,162,0.04085913403484586
2021-08-18,163,0.04328556221019741
2021-08-18,164,0.042219964598790995
2021-08-18,165,0.03989305808559617
2021-08-18,166,0.04135419580391136
2021-08-18,167,0.03790843823300117
2021-08-18,168,0.04014085885504668
2021-08-18,169,0.0402290611098112
2021-08-18,170,0.04123045333657631
2021-08-18,171,0.04073533028838631
2021-08-18,172,0.03855387181298778
2021-08-18,173,0.03773459645341693
2021-08-18,174,0.03651685707309392
2021-08-18,175,0.03808175323543754
2021-08-18,176,0.0400913036133307
2021-08-18,177,0.037064277708909577
2021-08-18,178,0.03842978231948611
2021-08-18,179,0.03996740476419246
2021-08-18,180,0.041378942460020676
2021-08-18,181,0.040571390543552195
2021-08-18,182,0.03999119453399798
2021-08-18,183,0.040388598234487816
2021-08-18,184,0.04241774940956229
2021-08-18,185,0.04165111526668911
2021-08-18,186,0.04113738891315694
2021-08-18,187,0.03875238297989294
2021-08-18,188,0.04167585457621621
2021-08-18,189,0.04167585457621621
2021-08-18,190,0.04409734275012111
2021-08-18,191,0.04409734275012111
2021-08-18,192,0.044738302148611984
2021-08-18,193,0.04518214407124383
2021-08-18,194,0.04370239803724661
2021-08-18,195,0.04417137752181926
2021-08-18,196,0.042510694758752854
2021-08-18,197,0.040972524817980235
2021-08-18,198,0.04176491102321953
2021-08-18,199,0.041378942460020676
2021-08-18,200,0.03989305808559617
2021-08-18,201,0.03939727225491515
2021-08-18,202,0.04043813874625159
2021-08-18,203,0.04048767680387441
2021-08-18,204,0.040760092263898165
2021-08-18,205,0.040215187113445836
2021-08-18,206,0.04014135439506245
2021-08-18,207,0.03944686190060723
2021-08-18,208,0.039599086751384995
2021-08-18,209,0.03895482378153523
2021-08-18,210,0.03661631997351417
2021-08-18,211,0.03587010696970627
2021-08-18,212,0.03565111215502639
2021-08-18,213,0.033278915565720775
2021-08-18,214,0.03220559252976255
2021-08-18,215,0.033578242083296184
2021-08-18,216,0.03387747903131734
2021-08-18,217,0.033428590024053954
2021-08-18,218,0.033278915565720775
2021-08-18,219,0.03402058238484217
2021-08-18,220,0.03440790579800058
2021-08-18,221,0.03425139934079294
2021-08-18,222,0.034226475669534906
2021-08-18,223,0.03307931476665494
2021-08-18,224,0.034575350551590237
2021-08-18,225,0.0341517009284077
2021-08-18,226,0.033378701027061954
2021-08-18,227,0.031481072492572794
2021-08-18,228,0.029129013357443997
2021-08-18,229,0.027875660474848213
2021-08-18,230,0.029281313999204497
2021-08-18,231,0.0302807122404105
2021-08-18,232,0.031930836374120614
2021-08-18,233,0.02981368297101164
2021-08-18,234,0.03153105624786267
2021-08-18,235,0.03163101626393959
2021-08-18,236,0.0319997822860802
2021-08-18,237,0.03178093755554226
2021-08-18,238,0.0309325866023336
2021-08-18,239,0.031106114670934236
2021-08-18,240,0.030355776983786997
2021-08-18,241,0.031081112483241326
2021-08-18,242,0.031574040279301586
2021-08-18,243,0.03113111623353317
2021-08-18,244,0.031386096473945906
2021-08-18,245,0.028477465909260025
2021-08-18,246,0.02736434285744719
2021-08-18,247,0.026168575660030485
2021-08-18,248,0.028627359417472385
2021-08-18,249,0.030430836092870513
2021-08-18,250,0.029579836116600852
2021-08-18,251,0.030931086228365354
2021-08-18,252,0.03156004568121609
2021-08-18,253,0.03005548419606453
2021-08-18,254,0.031031106232449625
2021-08-18,255,0.03048087236918142
2021-08-18,256,0.03048087236918142
2021-08-18,257,0.029569820040799076
2021-08-18,258,0.02910997414618759
2021-08-18,259,0.0299803969070557
2021-08-18,260,0.03113111623353317
2021-08-18,261,0.030580937411542268
2021-08-18,262,0.031980797654138936
2021-08-18,263,0.032540692842004684
2021-08-18,264,0.03183090632507186
2021-08-18,265,0.030856064659629263
2021-08-18,266,0.03053140646707467
2021-08-18,267,0.03113111623353317
2021-08-18,268,0.029279811145661295
2021-08-18,269,0.026721186761481316
2021-08-18,270,0.02526364371953703
2021-08-18,271,0.0253642321620099
2021-08-18,272,0.02542256882289624
2021-08-18,273,0.02370272387452938
2021-08-18,274,0.022972518933685987
2021-08-18,275,0.022896897895877125
2021-08-18,276,0.023400930164612362
2021-08-18,277,0.022997220566944067
2021-08-18,278,0.021736658655574906
2021-08-18,279,0.019766720408298948
2021-08-18,280,0.019333713324194625
2021-08-18,281,0.01832381548101874
2021-08-18,282,0.02128228530432723
2021-08-18,283,0.02052453729504584
2021-08-18,284,0.017082193104073124
2021-08-18,285,0.015204162960433957
2021-08-18,286,0.011284485769118205
2021-08-18,287,0.012405962157240637
2021-08-18,288,0.015965951677094296
2021-08-18,289,0.016727160513424294
2021-08-18,290,0.017537971574225295
2021-08-18,291,0.015000921254536262
2021-08-18,292,0.015610522492616801
2021-08-18,293,0.018197189925279866
2021-08-18,294,0.019677706225145287
2021-08-18,295,0.020625603544058128
2021-08-18,296,0.01865651102437222
2021-08-18,297,0.017132901757515633
2021-08-18,298,0.017994555679399116
2021-08-18,299,0.01195395457599748
2021-08-18,300,0.00867985213706131
2021-08-18,301,0.009753170069954123
2021-08-18,302,0.008628713013063205
2021-08-18,303,0.010085154188840146
2021-08-18,304,0.015102547270883978
2021-08-18,305,0.013882352905245273
2021-08-18,306,0.013221301167743301
2021-08-18,307,0.013516004076008243
2021-08-18,308,0.011156965652646999
2021-08-18,309,0.011137581171148077
2021-08-18,310,0.007349384230228902
2021-08-18,311,0.010774307705912175
2021-08-18,312,0.011870868949074935
2021-08-18,313,0.011203894946532806
2021-08-18,314,0.012533323111091671
2021-08-18,315,0.010876364143210401
2021-08-18,316,0.012991688283364411
2021-08-18,317,0.013984092655053336
2021-08-18,318,0.013246244847207067
2021-08-18,319,0.012596997505728905
2021-08-18,320,0.010017744793170597
2021-08-18,321,0.011947328368275365
2021-08-18,322,0.01439094817610061
2021-08-18,323,0.01601671696380231
2021-08-18,324,0.015889798914616133
2021-08-18,325,0.01753847844241601
2021-08-18,326,0.01951331261589263
2021-08-18,327,0.01900731655186591
2021-08-18,328,0.018880777520733128
2021-08-18,329,0.020347646777179845
2021-08-18,330,0.025562361798778476
2021-08-18,331,0.024357892135449213
2021-08-18,332,0.02780040932409707
2021-08-18,333,0.029429584444768314
2021-08-18,334,0.027524439980030867
2021-08-18,335,0.02526615855391639
2021-08-18,336,0.024813889642914172
2021-08-18,337,0.027046582059377496
2021-08-18,338,0.026228372867116687
2021-08-18,339,0.0259273405350265
2021-08-18,340,0.024458571722748037
2021-08-18,341,0.024961817669657743
2021-08-18,342,0.027407004470308523
2021-08-18,343,0.024004930133607036
2021-08-18,344,0.02440823319614593
2021-08-18,345,0.02516304515801175
2021-08-18,346,0.024189734622817486
2021-08-18,347,0.023048134253385682
2021-08-18,348,0.025564875882044258
2021-08-18,349,0.024584406954261992
2021-08-18,350,0.024584406954261992
2021-08-18,351,0.023949028860277232
2021-08-18,352,0.024480719871717287
2021-08-18,353,0.02334197151048537
2021-08-18,354,0.023244707330059733
2021-08-18,355,0.026170585708261643
2021-08-18,356,0.023829157937948656
2021-08-18,357,0.02269521383327651
2021-08-18,358,0.02561565901069306
2021-08-18,359,0.025982628724729395
2021-08-18,360,0.023938452592163876
2021-08-18,361,0.024534074761781127
2021-08-18,362,0.02481087047573102
2021-08-18,363,0.02526364371953703
2021-08-18,364,0.025339085999941592
2021-08-18,365,0.0247957745030847
2021-08-18,366,0.025213848696463925
2021-08-18,367,0.021181285405241185
2021-08-18,368,0.020120170124149826
2021-08-18,369,0.019604364723053103
2021-08-18,370,0.018604866919079498
2021-08-18,371,0.018399783118841696
2021-08-18,372,0.01936154067823249
2021-08-18,373,0.020019052777382754
2021-08-18,374,0.020322374148698807
2021-08-18,375,0.017969223511344192
2021-08-18,376,0.017335203690543897
2021-08-18,377,0.01723431135094994
2021-08-18,378,0.017994555679399116
2021-08-18,379,0.01875422247544729
2021-08-18,380,0.0204568171933186
2021-08-18,381,0.017690527301075454
2021-08-18,382,0.017563821524389532
2021-08-18,383,0.016473996019330733
2021-08-18,384,0.01905792768126422
2021-08-18,385,0.020726659579715725
2021-08-18,386,0.020271826975538768
2021-08-18,387,0.020777183768181846
2021-08-18,388,0.02052453729504584
2021-08-18,389,0.0208277054040831
2021-11-17,0,0.0
2021-11-17,1,-0.0050598441000373594
2021-11-17,2,-0.016814465635160963
2021-11-17,3,-0.01532584734119033
2021-11-17,4,-0.020963816449514883
2021-11-17,5,-0.011835932104605065
2021-11-17,6,-0.006176765511500358
2021-11-17,7,-0.0003716320885138348
2021-11-17,8,0.0016397250174052976
2021-11-17,9,0.006942343470025578
2021-11-17,10,0.0032767657375867487
2021-11-17,11,-0.0003716320885138348
2021-11-17,12,0.0015933546573313041
2021-11-17,13,0.004818690982178975
2021-11-17,14,0.0017324592874213352
2021-11-17,15,-0.002666420207532119
2021-11-17,16,0.00010836668199564759
2021-11-17,17,0.005219202409810476
2021-11-17,18,0.004510496077283307
2021-11-17,19,0.009644940340344708
2021-11-17,20,0.012813884305624655
2021-11-17,21,0.006419775134786046
2021-11-17,22,0.008171869642792469
2021-11-17,23,0.008877986795471854
2021-11-17,24,0.01020842962305287
2021-11-17,25,0.01038066276095038
2021-11-17,26,0.008217935962946024
2021-11-17,27,0.01035001846461767
2021-11-17,28,0.009491596681571391
2021-11-17,29,0.008893331632318272
2021-11-17,30,0.008248645664143012
2021-11-17,31,0.005203801089916963
2021-11-17,32,0.0023983478212779986
2021-11-17,33,0.004448845696572525
2021-11-17,34,0.004510496077283307
2021-11-17,35,0.006557902439466595
2021-11-17,36,0.004479671362024207
2021-11-17,37,0.0027834646512424266
2021-11-17,38,0.004572142657458729
2021-11-17,39,-0.004064478687676053
2021-11-17,40,-0.011084240763773344
2021-11-17,41,-0.012839066984962962
2021-11-17,42,-0.012964843304960628
2021-11-17,43,-0.011366058805124299
2021-11-17,44,-0.009707605792595506
2021-11-17,45,-0.010161060263373607
2021-11-17,46,-0.012823385261227359
2021-11-17,47,-0.0105834269308441
2021-11-17,48,-0.009082176101868494
2021-11-17,49,-0.016106222442069634
2021-11-17,50,-0.01667277686218477
2021-11-17,51,-0.020916388243952085
2021-11-17,52,-0.01535131551140255
2021-11-17,53,-0.015740335956864214
2021-11-17,54,-0.018311295000383577
2021-11-17,55,-0.014942645412506617
2021-11-17,56,-0.017019162644937493
2021-11-17,57,-0.015256677806318201
2021-11-17,58,-0.013466537671296616
2021-11-17,59,-0.014439895991076725
2021-11-17,60,-0.008504602827485509
2021-11-17,61,-0.009848311038788079
2021-11-17,62,-0.009707605792595506
2021-11-17,63,-0.007115919590721166
2021-11-17,64,-0.009752941987849052
2021-11-17,65,-0.01118599922840403
2021-11-17,66,-0.009129358802512038
2021-11-17,67,-0.010771202727095799
2021-11-17,68,-0.012376872972526293
2021-11-17,69,-0.01160096785725024
2021-11-17,70,-0.010630367574408892
2021-11-17,71,-0.008379698457231497
2021-11-17,72,-0.010051586908296928
2021-11-17,73,-0.015068372271072447
2021-11-17,74,-0.014832647376646463
2021-11-17,75,-0.013152753113197708
2021-11-17,76,-0.012839066984962962
2021-11-17,77,-0.01061472044839446
2021-11-17,78,-0.010004673424571264
2021-11-17,79,-0.009144045262986074
2021-11-17,80,-0.0045931432001676065
2021-11-17,81,-0.010129780939004497
2021-11-17,82,-0.010536488490599903
2021-11-17,83,-0.010082863786866963
2021-11-17,84,-0.009569733856647224
2021-11-17,85,-0.008631084399211016
2021-11-17,86,-0.009832676144831446
2021-11-17,87,-0.009268732626770953
2021-11-17,88,-0.009520029589213098
2021-11-17,89,-0.01105293255006073
2021-11-17,90,-0.010708606877180275
2021-11-17,91,-0.007958261350481277
2021-11-17,92,-0.009613813292800186
2021-11-17,93,-0.011679283138951318
2021-11-17,94,-0.015508540799841828
2021-11-17,95,-0.014279697721817785
2021-11-17,96,-0.015728697741178594
2021-11-17,97,-0.015116466974267363
2021-11-17,98,-0.013843209155441231
2021-11-17,99,-0.016106222442069634
2021-11-17,100,-0.013796117460052947
2021-11-17,101,-0.014220022574457423
2021-11-17,102,-0.012023943260487457
2021-11-17,103,-0.013152753113197708
2021-11-17,104,-0.014267134236958136
2021-11-17,105,-0.013529306399936557
2021-11-17,106,-0.013518949288296406
2021-11-17,107,-0.01160096785725024
2021-11-17,108,-0.009927114625267786
2021-11-17,109,-0.009049993152735832
2021-11-17,110,-0.00848274343645598
2021-11-17,111,-0.010380042933334579
2021-11-17,112,-0.009707293136316046
2021-11-17,113,-0.007908325019293049
2021-11-17,114,-0.00911373514516979
2021-11-17,115,-0.006741773108010371
2021-11-17,116,-0.006367766558536093
2021-11-17,117,-0.007396309412380483
2021-11-17,118,-0.006710600552325792
2021-11-17,119,-0.008098720652629319
2021-11-17,120,-0.008957511995705767
2021-11-17,121,-0.0075993994070592055
2021-11-17,122,-0.008292899108234532
2021-11-17,123,-0.006710600552325792
2021-11-17,124,-0.004577590254050492
2021-11-17,125,-0.0012703135664346521
2021-11-17,126,-0.0027906129548354013
2021-11-17,127,-0.0014718530184643257
2021-11-17,128,-0.0011308100437443964
2021-11-17,129,0.0010893247264550212
2021-11-17,130,-0.0003716320885138348
2021-11-17,131,-0.0008053774867692509
2021-11-17,132,0.0010986036461414104
2021-11-17,133,0.001608811682936047
2021-11-17,134,0.0013460097490563185
2021-11-17,135,0.00030958794092672255
2021-11-17,136,0.0008047293758122479
2021-11-17,137,0.0005571893039991287
2021-11-17,138,0.0010172555189516788
2021-11-17,139,2.6009074691379002e-05
2021-11-17,140,0.0028195906978015837
2021-11-17,141,0.0006187706225363833
2021-11-17,142,-0.00036605658677279606
2021-11-17,143,-0.0007124162050759808
2021-11-17,144,-0.0007743894326616624
2021-11-17,145,-0.0021387730360495163
2021-11-17,146,-0.003518692633444795
2021-11-17,147,-0.0027285146532040625
2021-11-17,148,-0.0027906129548354013
2021-11-17,149,-0.004655357403690377
2021-11-17,150,-0.002553418210008494
2021-11-17,151,-0.0032667245391637093
2021-11-17,152,-0.0015800809627461011
2021-11-17,153,-0.0006504468179334554
2021-11-17,154,0.0010367425552014118
2021-11-17,155,0.0016397250174052976
2021-11-17,156,0.0029514242573518944
2021-11-17,157,0.004387499795222592
2021-11-17,158,0.0012996257669833033
2021-11-17,159,0.000619080066822691
2021-11-17,160,3.0963107460126594e-05
2021-11-17,161,0.0001356113146500404
2021-11-17,162,0.0006809669994165629
2021-11-17,163,-0.00012386201787048962
2021-11-17,164,0.0003405414642139483
2021-11-17,165,0.00021486420757684454
2021-11-17,166,0.0013614705983211706
2021-11-17,167,-0.000702190991651816
2021-11-17,168,0.0005571893039991287
2021-11-17,169,-0.0019526110746058679
2021-11-17,170,-0.00199418424043635
2021-11-17,171,-0.0011773090556488326
2021-11-17,172,-0.001456348541546322
2021-11-17,173,-0.0012703135664346521
2021-11-17,174,-0.0014718530184643257
2021-11-17,175,-0.0038468745088169674
2021-11-17,176,-0.0029769310002769524
2021-11-17,177,-0.0015338733301364271
2021-11-17,178,-0.0023560058018113708
2021-11-17,179,-0.004397193754497419
2021-11-17,180,-0.008715414335451338
2021-11-17,181,-0.009989036085733287
2021-11-17,182,-0.009613813292800186
2021-11-17,183,-0.012556833576061749
2021-11-17,184,-0.012807703783404584
2021-11-17,185,-0.011616630422935429
2021-11-17,186,-0.015434012931494698
2021-11-17,187,-0.016798721446734204
2021-11-17,188,-0.015669565116119458
2021-11-17,189,-0.015556971168459825
2021-11-17,190,-0.018910654649877588
2021-11-17,191,-0.015382758591569352
2021-11-17,192,-0.013651716754122061
2021-11-17,193,-0.015370810104640652
2021-11-17,194,-0.015256992202471046
2021-11-17,195,-0.014706950149675942
2021-11-17,196,-0.014926930666574465
2021-11-17,197,-0.0147921082948448
2021-11-17,198,-0.01576927481001301
2021-11-17,199,-0.015497534224985631
2021-11-17,200,-0.015099806455750837
2021-11-17,201,-0.013403772882322458
2021-11-17,202,-0.019163124118192543
2021-11-17,203,-0.015907689602245468
2021-11-17,204,-0.014706950149675942
2021-11-17,205,-0.017019162644937493
2021-11-17,206,-0.01469123910716941
2021-11-17,207,-0.015099806455750837
2021-11-17,208,-0.01535131551140255
2021-11-17,209,-0.016641293194334897
2021-11-17,210,-0.017601991270444445
2021-11-17,211,-0.01796446142972367
2021-11-17,212,-0.01695617448669048
2021-11-17,213,-0.015226181849309694
2021-11-17,214,-0.01535131551140255
2021-11-17,215,-0.015918071484037108
2021-11-17,216,-0.01667277686218477
2021-11-17,217,-0.017901413702573192
2021-11-17,218,-0.017365668452376644
2021-11-17,219,-0.01758623467827989
2021-11-17,220,-0.017318410589840908
2021-11-17,221,-0.017995986783992415
2021-11-17,222,-0.01695806407371159
2021-11-17,223,-0.01654684813767624
2021-11-17,224,-0.015036939074470965
2021-11-17,225,-0.015461370617677613
2021-11-17,226,-0.01654684813767624
2021-11-17,227,-0.01693853851333534
2021-11-17,228,-0.020362909317732658
2021-11-17,229,-0.028711771303924938
2021-11-17,230,-0.027328173292690806
2021-11-17,231,-0.023005360185300076
2021-11-17,232,-0.02620264640810414
2021-11-17,233,-0.024234193405051997
2021-11-17,234,-0.02246054086494784
2021-11-17,235,-0.021004290297090694
2021-11-17,236,-0.02026274056331697
2021-11-17,237,-0.020157842718555617
2021-11-17,238,-0.020600257679397212
2021-11-17,239,-0.019715623402158752
2021-11-17,240,-0.021786262957773184
2021-11-17,241,-0.020916388243952085
2021-11-17,242,-0.020805731177990318
2021-11-17,243,-0.02109030266268616
2021-11-17,244,-0.022284171703889116
2021-11-17,245,-0.023178053834326168
2021-11-17,246,-0.022071113650462094
2021-11-17,247,-0.0229781121684629
2021-11-17,248,-0.023655096747914287
2021-11-17,249,-0.023891325148581277
2021-11-17,250,-0.025559194305209816
2021-11-17,251,-0.02056865011886614
2021-11-17,252,-0.022276889624468988
2021-11-17,253,-0.021991980318670216
2021-11-17,254,-0.022609386441104527
2021-11-17,255,-0.02144549823985504
2021-11-17,256,-0.022957835056379158
2021-11-17,257,-0.022915064371400062
2021-11-17,258,-0.023147949125392857
2021-11-17,259,-0.025305105054994177
2021-11-17,260,-0.02843808418394276
2021-11-17,261,-0.025909943526927354
2021-11-17,262,-0.026226485920507806
2021-11-17,263,-0.028199186932513835
2021-11-17,264,-0.02679880478131749
2021-11-17,265,-0.02657619741209435
2021-11-17,266,-0.025845121903936275
2021-11-17,267,-0.025209838228418772
2021-11-17,268,-0.025595089616063167
2021-11-17,269,-0.025575077027191025
2021-11-17,270,-0.02823103660207617
2021-11-17,271,-0.02997954655078773
2021-11-17,272,-0.026433118837866646
2021-11-17,273,-0.023877054735349717
2021-11-17,274,-0.024188513140250632
2021-11-17,275,-0.022213569430054904
2021-11-17,276,-0.020900579341959064
2021-11-17,277,-0.021580587907804788
2021-11-17,278,-0.021691014329510882
2021-11-17,279,-0.021770440298142017
2021-11-17,280,-0.021944503325221087
2021-11-17,281,-0.02164418444380844
2021-11-17,282,-0.023369794563417437
2021-11-17,283,-0.022701871873131236
2021-11-17,284,-0.021786262957773184
2021-11-17,285,-0.02102705755625526
2021-11-17,286,-0.021438222265139296
2021-11-17,287,-0.02333809934463857
2021-11-17,288,-0.022831112420378774
2021-11-17,289,-0.022303485301786594
2021-11-17,290,-0.0228152732199413
2021-11-17,291,-0.02191601821106503
2021-11-17,292,-0.022725311320645612
2021-11-17,293,-0.02486060415867368
2021-11-17,294,-0.026194700030261843
2021-11-17,295,-0.02440043642735222
2021-11-17,296,-0.027530578091521273
2021-11-17,297,-0.026998557572000176
2021-11-17,298,-0.025742496260112734
2021-11-17,299,-0.02574980362022877
2021-11-17,300,-0.027244168237064565
2021-11-17,301,-0.02905438402725965
2021-11-17,302,-0.02768941180044233
2021-11-17,303,-0.027180532741163332
2021-11-17,304,-0.025146332052421883
2021-11-17,305,-0.024828861653869883
2021-11-17,306,-0.02574980362022877
2021-11-17,307,-0.025241592828869144
2021-11-17,308,-0.02386119895948642
2021-11-17,309,-0.023559986975313568
2021-11-17,310,-0.02251437606906755
2021-11-17,311,-0.021280061985182286
2021-11-17,312,-0.017554722238741813
2021-11-17,313,-0.016735117448981155
2021-11-17,314,-0.01623209568787756
2021-11-17,315,-0.015917442276011693
2021-11-17,316,-0.017649577685886826
2021-11-17,317,-0.016754953905271066
2021-11-17,318,-0.017245952871250796
2021-11-17,319,-0.015162677789586826
2021-11-17,320,-0.016009625471458146
2021-11-17,321,-0.016137689268170784
2021-11-17,322,-0.01469123910716941
2021-11-17,323,-0.01764926253661406
2021-11-17,324,-0.016263566475121866
2021-11-17,325,-0.017050658211939008
2021-11-17,326,-0.018910654649877588
2021-11-17,327,-0.01747594548414578
2021-11-17,328,-0.017885652391862284
2021-11-17,329,-0.017601991270444445
2021-11-17,330,-0.020363225323371006
2021-11-17,331,-0.017286906588830208
2021-11-17,332,-0.018342831290772545
2021-11-17,333,-0.01695617448669048
2021-11-17,334,-0.015650064697960646
2021-11-17,335,-0.012713620080200732
2021-11-17,336,-0.011397376823948955
2021-11-17,337,-0.011334741767087231
2021-11-17,338,-0.012729300082709836
2021-11-17,339,-0.013749027982188123
2021-11-17,340,-0.014031598116405338
2021-11-17,341,-0.01381181444544732
2021-11-17,342,-0.014078700902543796
2021-11-17,343,-0.014220022574457423
2021-11-17,344,-0.013827511677240799
2021-11-17,345,-0.014534142256638113
2021-11-17,346,-0.01469123910716941
2021-11-17,347,-0.013513613848405838
2021-11-17,348,-0.014220022574457423
2021-11-17,349,-0.014565559652452726
2021-11-17,350,-0.014942645412506617
2021-11-17,351,-0.015117095678514205
2021-11-17,352,-0.013800198652552283
2021-11-17,353,-0.01487978791044312
2021-11-17,354,-0.01455707685830831
2021-11-17,355,-0.015162677789586826
2021-11-17,356,-0.016222339944931163
2021-11-17,357,-0.01796446142972367
2021-11-17,358,-0.01897061037732419
2021-11-17,359,-0.01777533017206745
2021-11-17,360,-0.01775957084845731
2021-11-17,361,-0.018948521006886064
2021-11-17,362,-0.018879100447644123
2021-11-17,363,-0.01897376604150488
2021-11-17,364,-0.018532069921249627
2021-11-17,365,-0.018468986398644645
2021-11-17,366,-0.017082154770942506
2021-11-17,367,-0.015382758591569352
2021-11-17,368,-0.01692468189531981
2021-11-17,369,-0.015524264688359764
2021-11-17,370,-0.016263566475121866
2021-11-17,371,-0.01585452347270664
2021-11-17,372,-0.015477093764508525
2021-11-17,373,-0.01632651102099768
2021-11-17,374,-0.016067834255054092
2021-11-17,375,-0.016011827904296897
2021-11-17,376,-0.015697243781908912
2021-11-17,377,-0.015461370617677613
2021-11-17,378,-0.017238077348611446
2021-11-17,379,-0.017302658465272798
2021-11-17,380,-0.015618613211875371
2021-11-17,381,-0.016106222442069634
2021-11-17,382,-0.015980365038341875
2021-11-17,383,-0.015885982379512192
2021-11-17,384,-0.017881869714256173
2021-11-17,385,-0.017192400540372875
2021-11-17,386,-0.018863323719894916
2021-11-17,387,-0.01761774811088311
2021-11-17,388,-0.017491700338610618
2021-11-17,389,-0.019415657343436834
2022-02-16,0,0.0
2022-02-16,1,-0.006612183336951013
2022-02-16,2,-0.0015995422006558244
2022-02-16,3,-0.00011839690603250825
2022-02-16,4,-0.004008417615480053
2022-02-16,5,-0.009159420343086486
2022-02-16,6,-0.005877538861892566
2022-02-16,7,-0.004638206324158089
2022-02-16,8,-0.004746844356219562
2022-02-16,9,-0.0032016470361532707
2022-02-16,10,-0.005103767680981856
2022-02-16,11,-0.007728286821153339
2022-02-16,12,-0.01123094528075188
2022-02-16,13,-0.006771096372127059
2022-02-16,14,-0.005024440376482093
2022-02-16,15,-0.012748638678550339
2022-02-16,16,-0.016994419309624084
2022-02-16,17,-0.01964715398420215
2022-02-16,18,-0.019043641523469268
2022-02-16,19,-0.018079180371989762
2022-02-16,20,-0.023235909693303386
2022-02-16,21,-0.029800346801769764
2022-02-16,22,-0.029271945204270417
2022-02-16,23,-0.03348659274045712
2022-02-16,24,-0.0310818636419564
2022-02-16,25,-0.026598858077701105
2022-02-16,26,-0.02647161119750945
2022-02-16,27,-0.022791303623709187
2022-02-16,28,-0.026402321138964117
2022-02-16,29,-0.02612763938116973
2022-02-16,30,-0.02908910199181542
2022-02-16,31,-0.024190400519493747
2022-02-16,32,-0.02374052059104127
2022-02-16,33,-0.024731090047272856
2022-02-16,34,-0.025860322511883613
2022-02-16,35,-0.02602637458376481
2022-02-16,36,-0.024690639427361664
2022-02-16,37,-0.023801139510224566
2022-02-16,38,-0.024043651940175118
2022-02-16,39,-0.024771542303503005
2022-02-16,40,-0.029820675517097203
2022-02-16,41,-0.032507700034575156
2022-02-16,42,-0.03326217851165313
2022-02-16,43,-0.03233363907162743
2022-02-16,44,-0.030735895691418394
2022-02-16,45,-0.03020699964784371
2022-02-16,46,-0.03061341102677244
2022-02-16,47,-0.028486768550983976
2022-02-16,48,-0.03210011071592417
2022-02-16,49,-0.03458368286720123
2022-02-16,50,-0.040263087333611926
2022-02-16,51,-0.04207244714954539
2022-02-16,52,-0.041599230191317935
2022-02-16,53,-0.04067401809756175
2022-02-16,54,-0.04116735801876654
2022-02-16,55,-0.042442947122908525
2022-02-16,56,-0.04205186784203834
2022-02-16,57,-0.043081352367157634
2022-02-16,58,-0.043905703752380836
2022-02-16,59,-0.04421501080395442
2022-02-16,60,-0.04149638656496103
2022-02-16,61,-0.04092065763512972
2022-02-16,62,-0.04139355351432798
2022-02-16,63,-0.04252488731855274
2022-02-16,64,-0.03989339396950481
2022-02-16,65,-0.034723406329367344
2022-02-16,66,-0.03289506382498245
2022-02-16,67,-0.03316018869014903
2022-02-16,68,-0.029576758203856742
2022-02-16,69,-0.02799274422576584
2022-02-16,70,-0.029637325450693478
2022-02-16,71,-0.028987536873252298
2022-02-16,72,-0.029271945204270417
2022-02-16,73,-0.02904847470652488
2022-02-16,74,-0.03012565584823001
2022-02-16,75,-0.034527717248867607
2022-02-16,76,-0.03193712149322573
2022-02-16,77,-0.03305820926950773
2022-02-16,78,-0.033250755134364304
2022-02-16,79,-0.03371105734231172
2022-02-16,80,-0.03689980948216296
2022-02-16,81,-0.03853901975003851
2022-02-16,82,-0.03681791946041626
2022-02-16,83,-0.03495305278924459
2022-02-16,84,-0.034323489738712375
2022-02-16,85,-0.03211681861238215
2022-02-16,86,-0.031896378338070124
2022-02-16,87,-0.030044318664891743
2022-02-16,88,-0.031074128932713312
2022-02-16,89,-0.031098147435918044
2022-02-16,90,-0.03243269112723219
2022-02-16,91,-0.031061509272381386
2022-02-16,92,-0.03179452771210999
2022-02-16,93,-0.034241810411704536
2022-02-16,94,-0.03493588877482645
2022-02-16,95,-0.0330786043216688
2022-02-16,96,-0.02992232529304708
2022-02-16,97,-0.028175387068196143
2022-02-16,98,-0.029028161682829134
2022-02-16,99,-0.030044318664891743
2022-02-16,100,-0.02526397744564563
2022-02-16,101,-0.025338045778371055
2022-02-16,102,-0.024205359573127694
2022-02-16,103,-0.022952808852791964
2022-02-16,104,-0.022064852707913002
2022-02-16,105,-0.0224683713963033
2022-02-16,106,-0.02303357124986389
2022-02-16,107,-0.018319907022014317
2022-02-16,108,-0.016673353367948843
2022-02-16,109,-0.018189690420178175
2022-02-16,110,-0.01864110007808145
2022-02-16,111,-0.020110093659354726
2022-02-16,112,-0.017887524628511134
2022-02-16,113,-0.016916551350363407
2022-02-16,114,-0.02041212634158671
2022-02-16,115,-0.018400296105220083
2022-02-16,116,-0.016733545380487016
2022-02-16,117,-0.01627256695465926
2022-02-16,118,-0.01615184097020984
2022-02-16,119,-0.016352390476527465
2022-02-16,120,-0.017516371422331048
2022-02-16,121,-0.01635279161584343
2022-02-16,122,-0.016512859045090943
2022-02-16,123,-0.02085567563751786
2022-02-16,124,-0.021621573393751353
2022-02-16,125,-0.021991833225193293
2022-02-16,126,-0.023841554164583664
2022-02-16,127,-0.024427750274069543
2022-02-16,128,-0.024811996196184384
2022-02-16,129,-0.027080030054886944
2022-02-16,130,-0.026674646556551225
2022-02-16,131,-0.027087733932431052
2022-02-16,132,-0.02636666496817366
2022-02-16,133,-0.02414471614635126
2022-02-16,134,-0.025358283982028697
2022-02-16,135,-0.026269427327406347
2022-02-16,136,-0.023063858830443762
2022-02-16,137,-0.023637476861009477
2022-02-16,138,-0.022629824474353476
2022-02-16,139,-0.01920454256967325
2022-02-16,140,-0.01988222004528757
2022-02-16,141,-0.0219034908131743
2022-02-16,142,-0.022109231794074258
2022-02-16,143,-0.022307347916189577
2022-02-16,144,-0.02342536143305922
2022-02-16,145,-0.023530807479021063
2022-02-16,146,-0.02303357124986389
2022-02-16,147,-0.027039889758463633
2022-02-16,148,-0.0277711823597955
2022-02-16,149,-0.02781054049755195
2022-02-16,150,-0.02787952241376727
2022-02-16,151,-0.026464722497226846
2022-02-16,152,-0.025459076335496086
2022-02-16,153,-0.026023539317015718
2022-02-16,154,-0.025439240892757283
2022-02-16,155,-0.025338045778371055
2022-02-16,156,-0.02776955937706162
2022-02-16,157,-0.03265080328381351
2022-02-16,158,-0.03179452771210999
2022-02-16,159,-0.03118608450560203
2022-02-16,160,-0.031835266717676426
2022-02-16,161,-0.031855636842851566
2022-02-16,162,-0.030817289147429323
2022-02-16,163,-0.029721881836641355
2022-02-16,164,-0.030227336631666362
2022-02-16,165,-0.03126507161405133
2022-02-16,166,-0.031387228912083814
2022-02-16,167,-0.029638138458823605
2022-02-16,168,-0.030939391754471694
2022-02-16,169,-0.030044318664891743
2022-02-16,170,-0.031041155317098418
2022-02-16,171,-0.02683678023612485
2022-02-16,172,-0.0263504580380901
2022-02-16,173,-0.027080030054886944
2022-02-16,174,-0.026512539160046224
2022-02-16,175,-0.02630953670853013
2022-02-16,176,-0.025580526400843826
2022-02-16,177,-0.025468791797937994
2022-02-16,178,-0.0266138532032724
2022-02-16,179,-0.028009383636942088
2022-02-16,180,-0.028832365292575178
2022-02-16,181,-0.02647161119750945
2022-02-16,182,-0.023467376915770683
2022-02-16,183,-0.023720315101208974
2022-02-16,184,-0.024205359573127694
2022-02-16,185,-0.022145946890377848
2022-02-16,186,-0.02335668607960657
2022-02-16,187,-0.023296094095907525
2022-02-16,188,-0.023195115614336136
2022-02-16,189,-0.02311434017002719
2022-02-16,190,-0.02602839977922143
2022-02-16,191,-0.025812941977134757
2022-02-16,192,-0.024245790567533437
2022-02-16,193,-0.023906221009106752
2022-02-16,194,-0.023922388373665025
2022-02-16,195,-0.022320261123697394
2022-02-16,196,-0.024124502487981477
2022-02-16,197,-0.023720315101208974
2022-02-16,198,-0.025621417908594322
2022-02-16,199,-0.02517615489247428
2022-02-16,200,-0.02643109011256003
2022-02-16,201,-0.02696610068975372
2022-02-16,202,-0.025925930035551163
2022-02-16,203,-0.024994058967884914
2022-02-16,204,-0.024690639427361664
2022-02-16,205,-0.025520204358037906
2022-02-16,206,-0.024811996196184384
2022-02-16,207,-0.02501429021099436
2022-02-16,208,-0.025196389819983366
2022-02-16,209,-0.02477194683432913
2022-02-16,210,-0.026147893571256017
2022-02-16,211,-0.025823470790853446
2022-02-16,212,-0.026553468797749797
2022-02-16,213,-0.02764824887456764
2022-02-16,214,-0.028987536873252298
2022-02-16,215,-0.02870320940733477
2022-02-16,216,-0.02801222453969169
2022-02-16,217,-0.027810134735651963
2022-02-16,218,-0.028175387068196143
2022-02-16,219,-0.02858137952231331
2022-02-16,220,-0.030084986429593816
2022-02-16,221,-0.03172853404503387
2022-02-16,222,-0.030573128651384528
2022-02-16,223,-0.03126547878025797
2022-02-16,224,-0.03069479451353819
2022-02-16,225,-0.030247674029090333
2022-02-16,226,-0.029495465652242044
2022-02-16,227,-0.030349367220818782
2022-02-16,228,-0.030695201447613524
2022-02-16,229,-0.030641080669148245
2022-02-16,230,-0.03065450885976274
2022-02-16,231,-0.03436433190416959
2022-02-16,232,-0.03491586446367736
2022-02-16,233,-0.0347279006829272
2022-02-16,234,-0.033139791974019714
2022-02-16,235,-0.03387433597766502
2022-02-16,236,-0.03358861585898424
2022-02-16,237,-0.03344578640730851
2022-02-16,238,-0.03371105734231172
2022-02-16,239,-0.03275233339155314
2022-02-16,240,-0.03356372125803015
2022-02-16,241,-0.03065450885976274
2022-02-16,242,-0.03240578712925577
2022-02-16,243,-0.030736302642219434
2022-02-16,244,-0.0312243558305722
2022-02-16,245,-0.03157293658918631
2022-02-16,246,-0.03311939567390771
2022-02-16,247,-0.03391515980245499
2022-02-16,248,-0.033506996531482106
2022-02-16,249,-0.03334377785890372
2022-02-16,250,-0.032609623327193304
2022-02-16,251,-0.03385392469022245
2022-02-16,252,-0.034670701326812985
2022-02-16,253,-0.03403764127728496
2022-02-16,254,-0.03371105734231172
2022-02-16,255,-0.03436024761255933
2022-02-16,256,-0.034201381613245
2022-02-16,257,-0.03511367320125641
2022-02-16,258,-0.03542640526172322
2022-02-16,259,-0.03489543190643992
2022-02-16,260,-0.03403764127728496
2022-02-16,261,-0.03318058582231297
2022-02-16,262,-0.033184665298671395
2022-02-16,263,-0.03240578712925577
2022-02-16,264,-0.033037814633296324
2022-02-16,265,-0.03389964655271046
2022-02-16,266,-0.033506996531482106
2022-02-16,267,-0.03301742041301774
2022-02-16,268,-0.032655696064637675
2022-02-16,269,-0.033139791974019714
2022-02-16,270,-0.03440517573777742
2022-02-16,271,-0.03416013775566439
2022-02-16,272,-0.03342538386515114
2022-02-16,273,-0.03297663322019047
2022-02-16,274,-0.03362901989114886
2022-02-16,275,-0.03452649175942254
2022-02-16,276,-0.034151970856921635
2022-02-16,277,-0.03371105734231172
2022-02-16,278,-0.033509853095447927
2022-02-16,279,-0.03469112929269901
2022-02-16,280,-0.03447665646098867
2022-02-16,281,-0.03362942802101412
2022-02-16,282,-0.03130578905537287
2022-02-16,283,-0.029231310490028528
2022-02-16,284,-0.026917856934726182
2022-02-16,285,-0.02858137952231331
2022-02-16,286,-0.02943450057505147
2022-02-16,287,-0.0289058859981309
2022-02-16,288,-0.02839135453426769
2022-02-16,289,-0.02959708237437725
2022-02-16,290,-0.02764784317851394
2022-02-16,291,-0.030166326920935085
2022-02-16,292,-0.031611222722645986
2022-02-16,293,-0.032609623327193304
2022-02-16,294,-0.03301742041301774
2022-02-16,295,-0.033323377397852565
2022-02-16,296,-0.034507292620850526
2022-02-16,297,-0.03383351381939192
2022-02-16,298,-0.032772722206250236
2022-02-16,299,-0.03265039555315879
2022-02-16,300,-0.03236584010389744
2022-02-16,301,-0.03167272798452202
2022-02-16,302,-0.031061509272381386
2022-02-16,303,-0.03150940113434489
2022-02-16,304,-0.03130578905537287
2022-02-16,305,-0.03157904598027775
2022-02-16,306,-0.03148903806074184
2022-02-16,307,-0.029678383187430133
2022-02-16,308,-0.03207973561022758
2022-02-16,309,-0.033282577724244373
2022-02-16,310,-0.0322427480810426
2022-02-16,311,-0.03181489700743494
2022-02-16,312,-0.03231978071866801
2022-02-16,313,-0.033792693327499394
2022-02-16,314,-0.03362942802101412
2022-02-16,315,-0.03473934094677246
2022-02-16,316,-0.03616344975498488
2022-02-16,317,-0.033976398664656016
2022-02-16,318,-0.03228350535112633
2022-02-16,319,-0.031142929236601665
2022-02-16,320,-0.03311246102663546
2022-02-16,321,-0.03279311143665935
2022-02-16,322,-0.0330786043216688
2022-02-16,323,-0.03232426428243273
2022-02-16,324,-0.03163158828448164
2022-02-16,325,-0.03134040018407575
2022-02-16,326,-0.030796126211543325
2022-02-16,327,-0.030980095936832208
2022-02-16,328,-0.032038986644227024
2022-02-16,329,-0.031895970914901504
2022-02-16,330,-0.030573128651384528
2022-02-16,331,-0.030410794918505644
2022-02-16,332,-0.028890044063269824
2022-02-16,333,-0.031183641704800598
2022-02-16,334,-0.03334377785890372
2022-02-16,335,-0.03334377785890372
2022-02-16,336,-0.03207280816885969
2022-02-16,337,-0.03354780536251896
2022-02-16,338,-0.032915455550021046
2022-02-16,339,-0.03358902397235974
2022-02-16,340,-0.03232426428243273
2022-02-16,341,-0.030495009881520117
2022-02-16,342,-0.03065450885976274
2022-02-16,343,-0.03142795132774307
2022-02-16,344,-0.03364983472665843
2022-02-16,345,-0.03344497029762997
2022-02-16,346,-0.03289506382498245
2022-02-16,347,-0.03426222961801072
2022-02-16,348,-0.0330786043216688
2022-02-16,349,-0.03199823933863705
2022-02-16,350,-0.03179452771210999
2022-02-16,351,-0.03187600738297728
2022-02-16,352,-0.03163158828448164
2022-02-16,353,-0.0323487204386599
2022-02-16,354,-0.03244655104504309
2022-02-16,355,-0.03187600738297728
2022-02-16,356,-0.03256926046094338
2022-02-16,357,-0.03362942802101412
2022-02-16,358,-0.033249939183836966
2022-02-16,359,-0.03279311143665935
2022-02-16,360,-0.030930030026882934
2022-02-16,361,-0.03244655104504309
2022-02-16,362,-0.03481370585212848
2022-02-16,363,-0.03681791946041626
2022-02-16,364,-0.035099776268268434
2022-02-16,365,-0.03424589421961039
2022-02-16,366,-0.035078931230888656
2022-02-16,367,-0.03481370585212848
2022-02-16,368,-0.03265039555315879
2022-02-16,369,-0.03342538386515114
2022-02-16,370,-0.034692763547997336
2022-02-16,371,-0.032038986644227024
2022-02-16,372,-0.03497757332090001
2022-02-16,373,-0.033792693327499394
2022-02-16,374,-0.033792693327499394
2022-02-16,375,-0.031753790366142516
2022-02-16,376,-0.03191674970814734
2022-02-16,377,-0.03175786402606106
2022-02-16,378,-0.03110221842584032
2022-02-16,379,-0.032609623327193304
2022-02-16,380,-0.03285428162232988
2022-02-16,381,-0.03383351381939192
2022-02-16,382,-0.03387433597766502
2022-02-16,383,-0.03505890405523673
2022-02-16,384,-0.03552290182329022
2022-02-16,385,-0.03428264924126928
2022-02-16,386,-0.033772283706403165
2022-02-16,387,-0.03358861585898424
2022-02-16,388,-0.0322427480810426
2022-02-16,389,-0.033227500805233186
2022-05-25,0,0.0
2022-05-25,1,0.015633076742796147
2022-05-25,2,0.013293506225714898
2022-05-25,3,0.017301286637373493
2022-05-25,4,0.03237098006645384
2022-05-25,5,0.0470280983789549
2022-05-25,6,0.040754155889829335
2022-05-25,7,0.03752217727182137
2022-05-25,8,0.04736340926528789
2022-05-25,9,0.042695432027518646
2022-05-25,10,0.04806895962381309
2022-05-25,11,0.04282424386845934
2022-05-25,12,0.041050145236373965
2022-05-25,13,0.04199672283766833
2022-05-25,14,0.03882808669672049
2022-05-25,15,0.038739101572008536
2022-05-25,16,0.0377894338843013
2022-05-25,17,0.037230489105193644
2022-05-25,18,0.04809188166038423
2022-05-25,19,0.04630414947107573
2022-05-25,20,0.046186384647292425
2022-05-25,21,0.05188147819262924
2022-05-25,22,0.05503885342095629
2022-05-25,23,0.057486680936733925
2022-05-25,24,0.05192129240080319
2022-05-25,25,0.05382057820993207
2022-05-25,26,0.05346170422871055
2022-05-25,27,0.051706393965836275
2022-05-25,28,0.0509201866489962
2022-05-25,29,0.052876943086967186
2022-05-25,30,0.05176495397522263
2022-05-25,31,0.052584434236488835
2022-05-25,32,0.049106977180030514
2022-05-25,33,0.04595081338589674
2022-05-25,34,0.043414911339855596
2022-05-25,35,0.044477234385936544
2022-05-25,36,0.04718694386675339
2022-05-25,37,0.04671621717374227
2022-05-25,38,0.05003599048279152
2022-05-25,39,0.0498893306599871
2022-05-25,40,0.05112060518451382
2022-05-25,41,0.05795294803472883
2022-05-25,42,0.06294599074481215
2022-05-25,43,0.06652923053735887
2022-05-25,44,0.06416997862649344
2022-05-25,45,0.06566681964731653
2022-05-25,46,0.06629667219547318
2022-05-25,47,0.06126469030566765
2022-05-25,48,0.06537456266471312
2022-05-25,49,0.06531679425823853
2022-05-25,50,0.06445044566087793
2022-05-25,51,0.06546120901767805
2022-05-25,52,0.06503657013488578
2022-05-25,53,0.0645082641351686
2022-05-25,54,0.06517235864016394
2022-05-25,55,0.06577827066167971
2022-05-25,56,0.0647967283715058
2022-05-25,57,0.06848911126615805
2022-05-25,58,0.06624068853806919
2022-05-25,59,0.06468112143496103
2022-05-25,60,0.062134381620087525
2022-05-25,61,0.06242584884671945
2022-05-25,62,0.06335068016857533
2022-05-25,63,0.05902901438934346
2022-05-25,64,0.060684475609958946
2022-05-25,65,0.06323490592821464
2022-05-25,66,0.06282264080347863
2022-05-25,67,0.061960503855717455
2022-05-25,68,0.062307649714650075
2022-05-25,69,0.06346644100681309
2022-05-25,70,0.06075353880832629
2022-05-25,71,0.06288460722985698
2022-05-25,72,0.06225376017949238
2022-05-25,73,0.06288808186904465
2022-05-25,74,0.06539535847412718
2022-05-25,75,0.06317759271932766
2022-05-25,76,0.06964019052994547
2022-05-25,77,0.07216791060966522
2022-05-25,78,0.07437443651458953
2022-05-25,79,0.07546157972402522
2022-05-25,80,0.07600470844458738
2022-05-25,81,0.07685825353633381
2022-05-25,82,0.07845939784612135
2022-05-25,83,0.07600470844458738
2022-05-25,84,0.0749753722754732
2022-05-25,85,0.07567543613341343
2022-05-25,86,0.07636415458139699
2022-05-25,87,0.07591153995273223
2022-05-25,88,0.07460970295491702
2022-05-25,89,0.07623330599958908
2022-05-25,90,0.07907611851914179
2022-05-25,91,0.08059520763127372
2022-05-25,92,0.0821023352187801
2022-05-25,93,0.08335077376845296
2022-05-25,94,0.08295353175772466
2022-05-25,95,0.08111622227924839
2022-05-25,96,0.08142040115924197
2022-05-25,97,0.08136298381958759
2022-05-25,98,0.08124927638868425
2022-05-25,99,0.08031069641961301
2022-05-25,100,0.07986726658796289
2022-05-25,101,0.07999764056504635
2022-05-25,102,0.08070898945475041
2022-05-25,103,0.08420204254202934
2022-05-25,104,0.08497895111415234
2022-05-25,105,0.08266969082027922
2022-05-25,106,0.08502313346036668
2022-05-25,107,0.08425816338438942
2022-05-25,108,0.08301029027861286
2022-05-25,109,0.08073743288787462
2022-05-25,110,0.08335077376845296
2022-05-25,111,0.08227217810883516
2022-05-25,112,0.07931483891061464
2022-05-25,113,0.0798268415097192
2022-05-25,114,0.08096495123252256
2022-05-25,115,0.08181768429348966
2022-05-25,116,0.07999764056504635
2022-05-25,117,0.07894391469256007
2022-05-25,118,0.08011149039724084
2022-05-25,119,0.07820279385594694
2022-05-25,120,0.07863613118732621
2022-05-25,121,0.0783168482029669
2022-05-25,122,0.07937294360389512
2022-05-25,123,0.07828776558008876
2022-05-25,124,0.0756617141006315
2022-05-25,125,0.07663322602091589
2022-05-25,126,0.07885842877631279
2022-05-25,127,0.07823130866226216
2022-05-25,128,0.08022532726912637
2022-05-25,129,0.08090807649910754
2022-05-25,130,0.08170402855659398
2022-05-25,131,0.08335020639240551
2022-05-25,132,0.08482486406826265
2022-05-25,133,0.08539124378435484
2022-05-25,134,0.08646591666859839
2022-05-25,135,0.08447638116943813
2022-05-25,136,0.08493873215305933
2022-05-25,137,0.08458802224519595
2022-05-25,138,0.08335077376845296
2022-05-25,139,0.08527176436341018
2022-05-25,140,0.08323729215235293
2022-05-25,141,0.08363442147989952
2022-05-25,142,0.08397469256581193
2022-05-25,143,0.08590071140172556
2022-05-25,144,0.08482543060824149
2022-05-25,145,0.08485092457509569
2022-05-25,146,0.08708619971735604
2022-05-25,147,0.08649476242271756
2022-05-25,148,0.08861349705996133
2022-05-25,149,0.08833125834058043
2022-05-25,150,0.08669270103411748
2022-05-25,151,0.08778009874559968
2022-05-25,152,0.08906491338632683
2022-05-25,153,0.08833182289752599
2022-05-25,154,0.09019256348326668
2022-05-25,155,0.09086854368025585
2022-05-25,156,0.09244012036007596
2022-05-25,157,0.0915553220973737
2022-05-25,158,0.09277853288254531
2022-05-25,159,0.09278134313829246
2022-05-25,160,0.0948587701227539
2022-05-25,161,0.09634400908484889
2022-05-25,162,0.09637201126902119
2022-05-25,163,0.09782704538324699
2022-05-25,164,0.09603593329576877
2022-05-25,165,0.09757927953915758
2022-05-25,166,0.09732361927836207
2022-05-25,167,0.09771519481548872
2022-05-25,168,0.0984419999798456
2022-05-25,169,0.10123193448009149
2022-05-25,170,0.10190105274816691
2022-05-25,171,0.1022351656814455
2022-05-25,172,0.10029073432474292
2022-05-25,173,0.10105692046180229
2022-05-25,174,0.10145539511726005
2022-05-25,175,0.10000563463137235
2022-05-25,176,0.09983821924550737
2022-05-25,177,0.10016688495219979
2022-05-25,178,0.10117675820721238
2022-05-25,179,0.1007865360543666
2022-05-25,180,0.09978575665718097
2022-05-25,181,0.0987208411089862
2022-05-25,182,0.09855321047264211
2022-05-25,183,0.097379568029321
2022-05-25,184,0.09681993960797741
2022-05-25,185,0.09586785194399897
2022-05-25,186,0.09537016550307958
2022-05-25,187,0.0973773301393826
2022-05-25,188,0.09933524647609814
2022-05-25,189,0.09978240788788159
2022-05-25,190,0.09849788619552485
2022-05-25,191,0.09630704500105275
2022-05-25,192,0.09686304212732633
2022-05-25,193,0.0956436995194125
2022-05-25,194,0.09508253778219469
2022-05-25,195,0.09597990931749141
2022-05-25,196,0.09754739550307236
2022-05-25,197,0.09765926483980368
2022-05-25,198,0.09682049939286323
2022-05-25,199,0.09735718890456739
2022-05-25,200,0.09757536401053468
2022-05-25,201,0.09581181854808032
2022-05-25,202,0.09788296597601986
2022-05-25,203,0.09950330436657433
2022-05-25,204,0.10017302199401737
2022-05-25,205,0.09939164114274102
2022-05-25,206,0.10084284893768193
2022-05-25,207,0.10073021999973186
2022-05-25,208,0.1007865360543666
2022-05-25,209,0.101120464124681
2022-05-25,210,0.10057129125718993
2022-05-25,211,0.10128822228802781
2022-05-25,212,0.10081441411572793
2022-05-25,213,0.10035878916134838
2022-05-25,214,0.10020091716397041
2022-05-25,215,0.09983821924550737
2022-05-25,216,0.1000608755585522
2022-05-25,217,0.09927940703903468
2022-05-25,218,0.09939164114274102
2022-05-25,219,0.10045193868341082
2022-05-25,220,0.10089804363699778
2022-05-25,221,0.09955857304914774
2022-05-25,222,0.09729900083623831
2022-05-25,223,0.09805070899411011
2022-05-25,224,0.09849788619552485
2022-05-25,225,0.09698786102115084
2022-05-25,226,0.09572776256674738
2022-05-25,227,0.09530737664628706
2022-05-25,228,0.09687591654549378
2022-05-25,229,0.09849788619552485
2022-05-25,230,0.09810661708122949
2022-05-25,231,0.09756026111365884
2022-05-25,232,0.09681993960797741
2022-05-25,233,0.09525131183535095
2022-05-25,234,0.09561567693320608
2022-05-25,235,0.09640001266909293
2022-05-25,236,0.09821842387919909
2022-05-25,237,0.09926712194442788
2022-05-25,238,0.0990666302084558
2022-05-25,239,0.09827432259074856
2022-05-25,240,0.09863758807194839
2022-05-25,241,0.10077482703683399
2022-05-25,242,0.10134116337436337
2022-05-25,243,0.10123193448009149
2022-05-25,244,0.10097553408383039
2022-05-25,245,0.1004664402236419
2022-05-25,246,0.09983766114734965
2022-05-25,247,0.10234372835353
2022-05-25,248,0.10495902901074623
2022-05-25,249,0.10534818170368378
2022-05-25,250,0.10676251103441194
2022-05-25,251,0.105126144511542
2022-05-25,252,0.1054591818147979
2022-05-25,253,0.10662393970459835
2022-05-25,254,0.10606946228534674
2022-05-25,255,0.10883878003415128
2022-05-25,256,0.10834086848614768
2022-05-25,257,0.10787481999870724
2022-05-25,258,0.1063472939028743
2022-05-25,259,0.10579210824113355
2022-05-25,260,0.1045708357456062
2022-05-25,261,0.10551467725031237
2022-05-25,262,0.1046819221709593
2022-05-25,263,0.10323683521427852
2022-05-25,264,0.10398353895244006
2022-05-25,265,0.10175957796803821
2022-05-25,266,0.10251350787713556
2022-05-25,267,0.10217948794417414
2022-05-25,268,0.10323683521427852
2022-05-25,269,0.10171891419035102
2022-05-25,270,0.10232591374900529
2022-05-25,271,0.10256916702055573
2022-05-25,272,0.10268047601443737
2022-05-25,273,0.10195674598980645
2022-05-25,274,0.10184535640461745
2022-05-25,275,0.10151111318385757
2022-05-25,276,0.10206812316873766
2022-05-25,277,0.10190105274816691
2022-05-25,278,0.10268047601443737
2022-05-25,279,0.10321736786866437
2022-05-25,280,0.10234651185681924
2022-05-25,281,0.10178965695881252
2022-05-25,282,0.10212380710672016
2022-05-25,283,0.10251350787713556
2022-05-25,284,0.10201243612988134
2022-05-25,285,0.10245784563560272
2022-05-25,286,0.10162198290118934
2022-05-25,287,0.10195674598980645
2022-05-25,288,0.10318121322132816
2022-05-25,289,0.10206812316873766
2022-05-25,290,0.10351489878140126
2022-05-25,291,0.10451473241102593
2022-05-25,292,0.1045708357456062
2022-05-25,293,0.10379288505066965
2022-05-25,294,0.10493792938720725
2022-05-25,295,0.10295925066533314
2022-05-25,296,0.10251350787713556
2022-05-25,297,0.10301432867723097
2022-05-25,298,0.10423750240918637
2022-05-25,299,0.1032930102869663
2022-05-25,300,0.10295869430630246
2022-05-25,301,0.10356994619864857
2022-05-25,302,0.10378899377621337
2022-05-25,303,0.10240218029561227
2022-05-25,304,0.10235207884015456
2022-05-25,305,0.10134394966969121
2022-05-25,306,0.09933580485472313
2022-05-25,307,0.10100898134224533
2022-05-25,308,0.10061925136331373
2022-05-25,309,0.10100953878707408
2022-05-25,310,0.10063040454671134
2022-05-25,311,0.10217948794417414
2022-05-25,312,0.10245116595840922
2022-05-25,313,0.10268047601443737
2022-05-25,314,0.10356994619864857
2022-05-25,315,0.10212380710672016
2022-05-25,316,0.10334806991962127
2022-05-25,317,0.10217893115114612
2022-05-25,318,0.10184535640461745
2022-05-25,319,0.1030137723488426
2022-05-25,320,0.10295869430630246
2022-05-25,321,0.10312614440058539
2022-05-25,322,0.10265264992747895
2022-05-25,323,0.10312614440058539
2022-05-25,324,0.10234595515678123
2022-05-25,325,0.10134450692782512
2022-05-25,326,0.10279177262000581
2022-05-25,327,0.10354270088602227
2022-05-25,328,0.10524938124112847
2022-05-25,329,0.1046819221709593
2022-05-25,330,0.10482076285150159
2022-05-25,331,0.10229139704960011
2022-05-25,332,0.10156682814612511
2022-05-25,333,0.09973217500263369
2022-05-25,334,0.0987012856492828
2022-05-25,335,0.10018696967626145
2022-05-25,336,0.10028459800529055
2022-05-25,337,0.10134394966969121
2022-05-25,338,0.10047982607412882
2022-05-25,339,0.1003403813428223
2022-05-25,340,0.09959374243860804
2022-05-25,341,0.09989402748839933
2022-05-25,342,0.0990007216392567
2022-05-25,343,0.09849788619552485
2022-05-25,344,0.09916827728208501
2022-05-25,345,0.09803729058808218
2022-05-25,346,0.09511674346320081
2022-05-25,347,0.094409962261083
2022-05-25,348,0.09592388220035206
2022-05-25,349,0.09654000790948354
2022-05-25,350,0.09250027846346108
2022-05-25,351,0.09283979466737871
2022-05-25,352,0.09244405604756904
2022-05-25,353,0.0919379120106692
2022-05-25,354,0.09261271381325328
2022-05-25,355,0.09185352975901925
2022-05-25,356,0.0911275483156343
2022-05-25,357,0.09131894341762992
2022-05-25,358,0.09188165796739478
2022-05-25,359,0.09131894341762992
2022-05-25,360,0.09078407114082018
2022-05-25,361,0.09477463399044235
2022-05-25,362,0.0955837302270348
2022-05-25,363,0.09510721085002848
2022-05-25,364,0.0952899968910663
2022-05-25,365,0.09294994403227663
2022-05-25,366,0.09480268015443001
2022-05-25,367,0.09373412650610151
2022-05-25,368,0.09418548277195354
2022-05-25,369,0.0955316044626869
2022-05-25,370,0.09570030274844546
2022-05-25,371,0.09735159404512438
2022-05-25,372,0.097379568029321
2022-05-25,373,0.09958257768706819
2022-05-25,374,0.09891693328858125
2022-05-25,375,0.09883313791683
2022-05-25,376,0.1010686261767834
2022-05-25,377,0.09969868501055655
2022-05-25,378,0.10134394966969121
2022-05-25,379,0.10201243612988134
2022-05-25,380,0.10022881155580464
2022-05-25,381,0.09838611064072227
2022-05-25,382,0.09933580485472313
2022-05-25,383,0.09926991402463675
2022-05-25,384,0.09888956090602877
2022-05-25,385,0.09586785194399897
2022-05-25,386,0.09637201126902119
2022-05-25,387,0.09640001266909293
2022-05-25,388,0.0965960005184736
2022-05-25,389,0.09569974233613895
2022-08-24,0,0.0
2022-08-24,1,0.004831440695880239
2022-08-24,2,0.0003521230119425377
2022-08-24,3,-0.004205703006667275
2022-08-24,4,-0.002380078990295631
2022-08-24,5,-0.00022894646568519402
2022-08-24,6,0.004024409605927257
2022-08-24,7,0.0005703770276266919
2022-08-24,8,0.008678809058936301
2022-08-24,9,0.008038511007432365
2022-08-24,10,0.005998467167574242
2022-08-24,11,0.0034571697389018468
2022-08-24,12,0.004246539599650689
2022-08-24,13,0.006173491233830077
2022-08-24,14,0.005327257652056414
2022-08-24,15,0.007222992816955423
2022-08-24,16,0.010074401539913139
2022-08-24,17,0.007644815259269707
2022-08-24,18,0.007339536142068387
2022-08-24,19,0.0021395813259212854
2022-08-24,20,0.002432984242553735
2022-08-24,21,1.0565494620846615e-05
2022-08-24,22,0.0008507517931537812
2022-08-24,23,-8.628905135236675e-05
2022-08-24,24,0.002491537394193624
2022-08-24,25,0.005064487763973235
2022-08-24,26,0.005414832272987028
2022-08-24,27,0.00509368782821567
2022-08-24,28,0.007951165863038769
2022-08-24,29,0.010016290722568143
2022-08-24,30,0.007747330852214075
2022-08-24,31,0.011293368913756211
2022-08-24,32,0.013188265380337289
2022-08-24,33,0.010948561741137222
2022-08-24,34,0.012454042234508023
2022-08-24,35,0.014114691578299083
2022-08-24,36,0.014365258175495096
2022-08-24,37,0.017138704224377313
2022-08-24,38,0.01781702699357921
2022-08-24,39,0.022911634278382966
2022-08-24,40,0.024554449168595397
2022-08-24,41,0.023586053735483725
2022-08-24,42,0.023178933133285513
2022-08-24,43,0.02472625571484739
2022-08-24,44,0.02266262643564453
2022-08-24,45,0.022668938460252152
2022-08-24,46,0.025413186877013143
2022-08-24,47,0.023494322713707647
2022-08-24,48,0.022777384296683717
2022-08-24,49,0.022088639506787116
2022-08-24,50,0.025472126484818593
2022-08-24,51,0.027928475819497308
2022-08-24,52,0.031119336453867805
2022-08-24,53,0.03432897379380033
2022-08-24,54,0.03672634734935296
2022-08-24,55,0.035151027557052315
2022-08-24,56,0.03387513745073914
2022-08-24,57,0.03645359039165229
2022-08-24,58,0.038150039565756036
2022-08-24,59,0.037810979888005115
2022-08-24,60,0.041900273063443766
2022-08-24,61,0.04265988429157382
2022-08-24,62,0.04339081682531104
2022-08-24,63,0.0434470202818384
2022-08-24,64,0.043284021554553964
2022-08-24,65,0.042464691160852254
2022-08-24,66,0.040745684855598936
2022-08-24,67,0.04074737547124509
2022-08-24,68,0.04018198698272434
2022-08-24,69,0.040942904065389356
2022-08-24,70,0.04175954097488804
2022-08-24,71,0.043559417719295154
2022-08-24,72,0.04361561170093472
2022-08-24,73,0.04080203717028538
2022-08-24,74,0.04209726472007707
2022-08-24,75,0.042406744655586956
2022-08-24,76,0.04277237023095001
2022-08-24,77,0.04052024383565074
2022-08-24,78,0.04336271391244227
2022-08-24,79,0.04496332079980252
2022-08-24,80,0.04147801736727436
2022-08-24,81,0.03975900495315392
2022-08-24,82,0.03864711923300612
2022-08-24,83,0.03735872141458312
2022-08-24,84,0.037584876218509644
2022-08-24,85,0.035490990164440094
2022-08-24,86,0.0353776821364451
2022-08-24,87,0.03741526491068276
2022-08-24,88,0.03526436126828578
2022-08-24,89,0.036000717471373275
2022-08-24,90,0.034981002903067965
2022-08-24,91,0.033108821265254045
2022-08-24,92,0.034357331727643166
2022-08-24,93,0.035328955736868686
2022-08-24,94,0.033108821265254045
2022-08-24,95,0.03289130754839603
2022-08-24,96,0.03313721382072791
2022-08-24,97,0.033506243702142446
2022-08-24,98,0.03211116306562411
2022-08-24,99,0.031233127987900462
2022-08-24,100,0.033158223792799646
2022-08-24,101,0.03322238665064666
2022-08-24,102,0.03309178534501573
2022-08-24,103,0.03254080080124541
2022-08-24,104,0.03163129641840472
2022-08-24,105,0.030208537734332814
2022-08-24,106,0.03039987428908196
2022-08-24,107,0.031005531969848323
2022-08-24,108,0.03299524298129983
2022-08-24,109,0.03367595172812181
2022-08-24,110,0.03560485179888535
2022-08-24,111,0.03441404518292584
2022-08-24,112,0.03379002020167725
2022-08-24,113,0.03296684639456743
2022-08-24,114,0.02926840690144607
2022-08-24,115,0.030834800956145048
2022-08-24,116,0.031119336453867805
2022-08-24,117,0.03254080080124541
2022-08-24,118,0.03452746244515449
2022-08-24,119,0.03481094933578461
2022-08-24,120,0.03461251695096842
2022-08-24,121,0.034981002903067965
2022-08-24,122,0.03534935312328438
2022-08-24,123,0.03324736930473698
2022-08-24,124,0.034187172060745556
2022-08-24,125,0.04125274140326671
2022-08-24,126,0.04085838630956697
2022-08-24,127,0.04130906515219054
2022-08-24,128,0.04187212823012969
2022-08-24,129,0.0425473856976876
2022-08-24,130,0.0433346102097776
2022-08-24,131,0.04423353717631645
2022-08-24,132,0.04350322057971477
2022-08-24,133,0.042491131654413414
2022-08-24,134,0.04296919018350507
2022-08-24,135,0.0423786140734227
2022-08-24,136,0.04068932936515037
2022-08-24,137,0.040266561923219896
2022-08-24,138,0.04012559971495446
2022-08-24,139,0.03995641883199068
2022-08-24,140,0.03800538816408035
2022-08-24,141,0.035419607603169354
2022-08-24,142,0.037245624829979646
2022-08-24,143,0.03764140692883307
2022-08-24,144,0.03634095741457848
2022-08-24,145,0.036000717471373275
2022-08-24,146,0.03432897379380033
2022-08-24,147,0.03430061505576227
2022-08-24,148,0.034981002903067965
2022-08-24,149,0.03605733780374975
2022-08-24,150,0.035660928137489036
2022-08-24,151,0.03402435887546782
2022-08-24,152,0.0334494787374634
2022-08-24,153,0.034924321593714336
2022-08-24,154,0.03516179481179063
2022-08-24,155,0.03662336487495528
2022-08-24,156,0.036396992491419276
2022-08-24,157,0.034981002903067965
2022-08-24,158,0.03464029985535519
2022-08-24,159,0.03193720958580342
2022-08-24,160,0.032142994414048415
2022-08-24,161,0.030891714532894136
2022-08-24,162,0.03072096408425936
2022-08-24,163,0.02975282710269218
2022-08-24,164,0.029315719448998894
2022-08-24,165,0.02935390987272619
2022-08-24,166,0.02861207071059715
2022-08-24,167,0.029524893886137743
2022-08-24,168,0.0315738561882186
2022-08-24,169,0.030432329537141072
2022-08-24,170,0.029582451926456158
2022-08-24,171,0.030549615160790952
2022-08-24,172,0.030777884140056378
2022-08-24,173,0.030208537734332814
2022-08-24,174,0.031119336453867805
2022-08-24,175,0.03197245750660616
2022-08-24,176,0.033475023370324465
2022-08-24,177,0.0324839810052132
2022-08-24,178,0.0323703317267638
2022-08-24,179,0.03227371968371322
2022-08-24,180,0.030749424517144464
2022-08-24,181,0.031998039896827035
2022-08-24,182,0.0334494787374634
2022-08-24,183,0.034991771988650826
2022-08-24,184,0.03333934551589293
2022-08-24,185,0.0334494787374634
2022-08-24,186,0.035321023307567936
2022-08-24,187,0.035321023307567936
2022-08-24,188,0.03427225551348338
2022-08-24,189,0.03464029985535519
2022-08-24,190,0.03299921843909504
2022-08-24,191,0.032597617368971626
2022-08-24,192,0.033621466671486376
2022-08-24,193,0.03356300544474318
2022-08-24,194,0.0353776821364451
2022-08-24,195,0.034129878457390586
2022-08-24,196,0.034697564223128204
2022-08-24,197,0.03361976396563136
2022-08-24,198,0.032142994414048415
2022-08-24,199,0.033506243702142446
2022-08-24,200,0.03551931516550417
2022-08-24,201,0.03630359895220319
2022-08-24,202,0.03662336487495528
2022-08-24,203,0.03865841362703389
2022-08-24,204,0.03837601550028072
2022-08-24,205,0.037810979888005115
2022-08-24,206,0.03752834231228434
2022-08-24,207,0.03843250150588764
2022-08-24,208,0.03799521657502371
2022-08-24,209,0.039617971175330426
2022-08-24,210,0.038999444242918076
2022-08-24,211,0.03984361567338263
2022-08-24,212,0.03888427472342035
2022-08-24,213,0.03747180520979579
2022-08-24,214,0.038462437795253136
2022-08-24,215,0.03781154508312029
2022-08-24,216,0.03831896139574481
2022-08-24,217,0.03917104480239587
2022-08-24,218,0.040069773187696694
2022-08-24,219,0.037895755585689014
2022-08-24,220,0.03654979947103381
2022-08-24,221,0.037584876218509644
2022-08-24,222,0.038545463945996665
2022-08-24,223,0.03860194038121887
2022-08-24,224,0.03911008481809103
2022-08-24,225,0.03990001884325573
2022-08-24,226,0.039561552094382293
2022-08-24,227,0.038997186144530314
2022-08-24,228,0.03918233328058487
2022-08-24,229,0.039589762032745446
2022-08-24,230,0.03928900310794004
2022-08-24,231,0.03984361567338263
2022-08-24,232,0.03990001884325573
2022-08-24,233,0.04101107651692794
2022-08-24,234,0.04085838630956697
2022-08-24,235,0.04012559971495446
2022-08-24,236,0.040266561923219896
2022-08-24,237,0.04029418818722901
2022-08-24,238,0.04021017942433261
2022-08-24,239,0.04006920926748132
2022-08-24,240,0.04164694104232904
2022-08-24,241,0.041590636321163305
2022-08-24,242,0.041328214504182705
2022-08-24,243,0.04507554794766734
2022-08-24,244,0.04473882871220578
2022-08-24,245,0.045552372863790894
2022-08-24,246,0.04473882871220578
2022-08-24,247,0.04510360276678573
2022-08-24,248,0.04434640776469153
2022-08-24,249,0.044626563766816826
2022-08-24,250,0.04622515062022477
2022-08-24,251,0.04541383658627468
2022-08-24,252,0.045080036771617794
2022-08-24,253,0.04563649484070695
2022-08-24,254,0.045586583321482584
2022-08-24,255,0.04532408624362039
2022-08-24,256,0.04684146619329663
2022-08-24,257,0.04635628956212125
2022-08-24,258,0.0465103838619737
2022-08-24,259,0.04513165679885333
2022-08-24,260,0.04327840043488295
2022-08-24,261,0.04277237023095001
2022-08-24,262,0.043109752150479526
2022-08-24,263,0.043559417719295154
2022-08-24,264,0.04296919018350507
2022-08-24,265,0.04198470281090804
2022-08-24,266,0.042040985349265585
2022-08-24,267,0.04260363657662242
2022-08-24,268,0.04226608383080129
2022-08-24,269,0.0422098139604885
2022-08-24,270,0.04130455936901773
2022-08-24,271,0.04142170313383677
2022-08-24,272,0.040632970698581725
2022-08-24,273,0.04046613042746229
2022-08-24,274,0.03916652937543957
2022-08-24,275,0.039875765870079904
2022-08-24,276,0.039589762032745446
2022-08-24,277,0.040295315773630394
2022-08-24,278,0.03928335948681216
2022-08-24,279,0.04009909660069602
2022-08-24,280,0.039163142791842014
2022-08-24,281,0.03975223578625779
2022-08-24,282,0.0406047901741403
2022-08-24,283,0.04018198698272434
2022-08-24,284,0.03990001884325573
2022-08-24,285,0.03865841362703389
2022-08-24,286,0.03930762683168651
2022-08-24,287,0.03831952630382452
2022-08-24,288,0.037810979888005115
2022-08-24,289,0.03865841362703389
2022-08-24,290,0.036849686025632745
2022-08-24,291,0.037245624829979646
2022-08-24,292,0.03703070607409748
2022-08-24,293,0.03645359039165229
2022-08-24,294,0.03707595596663658
2022-08-24,295,0.03710423610973598
2022-08-24,296,0.037330448467550605
2022-08-24,297,0.03574588629564726
2022-08-24,298,0.03651018508874427
2022-08-24,299,0.0381042732210182
2022-08-24,300,0.03735872141458312
2022-08-24,301,0.03769793444361593
2022-08-24,302,0.03769793444361593
2022-08-24,303,0.037359286865370316
2022-08-24,304,0.03809353760229757
2022-08-24,305,0.03742431157336893
2022-08-24,306,0.03719076837996409
2022-08-24,307,0.03718850619370818
2022-08-24,308,0.03735872141458312
2022-08-24,309,0.038105968308175565
2022-08-24,310,0.037443535459840055
2022-08-24,311,0.037443535459840055
2022-08-24,312,0.037132515453091514
2022-08-24,313,0.03634039138768265
2022-08-24,314,0.036283221020822806
2022-08-24,315,0.03667994996479921
2022-08-24,316,0.037245624829979646
2022-08-24,317,0.036849686025632745
2022-08-24,318,0.03651018508874427
2022-08-24,319,0.03645359039165229
2022-08-24,320,0.035490990164440094
2022-08-24,321,0.03486763707140797
2022-08-24,322,0.03554763936428529
2022-08-24,323,0.03602902803829427
2022-08-24,324,0.03761314197313672
2022-08-24,325,0.0387148836838013
2022-08-24,326,0.03953559824821825
2022-08-24,327,0.0388283788523321
2022-08-24,328,0.03925119023818432
2022-08-24,329,0.0399372431927222
2022-08-24,330,0.03929069618806761
2022-08-24,331,0.0392799732988471
2022-08-24,332,0.039025412007890996
2022-08-24,333,0.039247803941286206
2022-08-24,334,0.039562116300948615
2022-08-24,335,0.039505129830141865
2022-08-24,336,0.039561552094382293
2022-08-24,337,0.03922297074697988
2022-08-24,338,0.03933584393407414
2022-08-24,339,0.03843250150588764
2022-08-24,340,0.038178289350353306
2022-08-24,341,0.038150039565756036
2022-08-24,342,0.03723092133444938
2022-08-24,343,0.037584876218509644
2022-08-24,344,0.039392275750347115
2022-08-24,345,0.03911008481809103
2022-08-24,346,0.03933584393407414
2022-08-24,347,0.039505129830141865
2022-08-24,348,0.04035112971139979
2022-08-24,349,0.04102741467856393
2022-08-24,350,0.04011375798475343
2022-08-24,351,0.039617971175330426
2022-08-24,352,0.03865841362703389
2022-08-24,353,0.03916652937543957
2022-08-24,354,0.0392799732988471
2022-08-24,355,0.03922297074697988
2022-08-24,356,0.03961853535006543
2022-08-24,357,0.03990001884325573
2022-08-24,358,0.039505129830141865
2022-08-24,359,0.039787209322012525
2022-08-24,360,0.0387148836838013
2022-08-24,361,0.037584876218509644
2022-08-24,362,0.03740282561585471
2022-08-24,363,0.037669671085644486
2022-08-24,364,0.03831952630382452
2022-08-24,365,0.03860194038121887
2022-08-24,366,0.03919475045941327
2022-08-24,367,0.03975900495315392
2022-08-24,368,0.040041012851243965
2022-08-24,369,0.04091473227380219
2022-08-24,370,0.042634010735640375
2022-08-24,371,0.043559417719295154
2022-08-24,372,0.045144000323636746
2022-08-24,373,0.04445365109738927
2022-08-24,374,0.04496388196687283
2022-08-24,375,0.04482301915102801
2022-08-24,376,0.0475553569983272
2022-08-24,377,0.04591516843471111
2022-08-24,378,0.04569257222751542
2022-08-24,379,0.04527191515497481
2022-08-24,380,0.04507554794766734
2022-08-24,381,0.044907202502416935
2022-08-24,382,0.045187762502012764
2022-08-24,383,0.047093485852164
2022-08-24,384,0.047037486972126764
2022-08-24,385,0.04742941329499584
2022-08-24,386,0.04870882289367918
2022-08-24,387,0.049498475965193675
2022-08-24,388,0.050112778053593016
2022-08-24,389,0.05028080770536025
2022-11-16,0,0.0
2022-11-16,1,0.00398621173854737
2022-11-16,2,0.004301898201376688
2022-11-16,3,0.0007598709915887338
2022-11-16,4,-0.0006341958609316232
2022-11-16,5,0.0024062828226712562
2022-11-16,6,0.00215326238992145
2022-11-16,7,-0.0008245330756039335
2022-11-16,8,0.004525975108033113
2022-11-16,9,-0.0012053162242043815
2022-11-16,10,0.010648109348112009
2022-11-16,11,0.01576114575024378
2022-11-16,12,0.01048563068876171
2022-11-16,13,0.008899607450006076
2022-11-16,14,0.014945139496574509
2022-11-16,15,0.018598555697526577
2022-11-16,16,0.017661536687799257
2022-11-16,17,0.01964971097654032
2022-11-16,18,0.020768070832153426
2022-11-16,19,0.02082830250055465
2022-11-16,20,0.020084777331020924
2022-11-16,21,0.01886735851858809
2022-11-16,22,0.014257854246152972
2022-11-16,23,0.016404365991121488
2022-11-16,24,0.014851446590620421
2022-11-16,25,0.013007033231887913
2022-11-16,26,0.013788979692761954
2022-11-16,27,0.01377022013711273
2022-11-16,28,0.012787978608177068
2022-11-16,29,0.008396779029606678
2022-11-16,30,0.009460591202785801
2022-11-16,31,0.009590583952890197
2022-11-16,32,0.005815807529822008
2022-11-16,33,0.0070126957636681125
2022-11-16,34,0.012660278917612849
2022-11-16,35,0.013413721698490462
2022-11-16,36,0.011702637710577382
2022-11-16,37,0.01597518250610156
2022-11-16,38,0.013945295638869926
2022-11-16,39,0.012161843718270136
2022-11-16,40,0.014539073489651529
2022-11-16,41,0.011096513835280257
2022-11-16,42,0.008082382824922999
2022-11-16,43,0.01112786327177658
2022-11-16,44,0.011441303595305503
2022-11-16,45,0.011535316537823229
2022-11-16,46,0.017969199870043247
2022-11-16,47,0.018147899998317375
2022-11-16,48,0.02020904724543456
2022-11-16,49,0.02752055671854058
2022-11-16,50,0.02482713414610748
2022-11-16,51,0.026526422398922774
2022-11-16,52,0.02831466017251092
2022-11-16,53,0.025229044772778625
2022-11-16,54,0.026125032968601046
2022-11-16,55,0.026509752506322593
2022-11-16,56,0.027118949172544888
2022-11-16,57,0.026094150184206872
2022-11-16,58,0.029116138977613518
2022-11-16,59,0.02973175091530239
2022-11-16,60,0.026338098190524066
2022-11-16,61,0.026225086639450047
2022-11-16,62,0.029116138977613518
2022-11-16,63,0.026896175603676516
2022-11-16,64,0.021171615825135395
2022-11-16,65,0.0212206509656511
2022-11-16,66,0.02194720647626576
2022-11-16,67,0.023964026378848827
2022-11-16,68,0.024177552484773806
2022-11-16,69,0.022102252447706847
2022-11-16,70,0.025847671385849657
2022-11-16,71,0.02151294982376382
2022-11-16,72,0.022598238074291767
2022-11-16,73,0.024796211252340522
2022-11-16,74,0.023744263505199554
2022-11-16,75,0.019827489528337024
2022-11-16,76,0.02064387037245212
2022-11-16,77,0.0201077684294278
2022-11-16,78,0.017825344860698315
2022-11-16,79,0.018032091013278684
2022-11-16,80,0.018156616260933477
2022-11-16,81,0.01772071003614045
2022-11-16,82,0.016563391582415998
2022-11-16,83,0.01605317285093621
2022-11-16,84,0.018031468348078523
2022-11-16,85,0.016726756246379197
2022-11-16,86,0.016567756634190325
2022-11-16,87,0.014935770600995348
2022-11-16,88,0.013664534731199746
2022-11-16,89,0.012537571695637966
2022-11-16,90,0.014913284893472184
2022-11-16,91,0.0156756430457787
2022-11-16,92,0.015351040680821913
2022-11-16,93,0.014622799052301948
2022-11-16,94,0.014101587154121771
2022-11-16,95,0.014913909503286322
2022-11-16,96,0.01591403382180851
2022-11-16,97,0.015413472396153543
2022-11-16,98,0.009967279085420786
2022-11-16,99,0.006887404611105695
2022-11-16,100,0.007138600705603568
2022-11-16,101,0.0076257035046218636
2022-11-16,102,0.007893068635447802
2022-11-16,103,0.009955980295834966
2022-11-16,104,0.009716164764307228
2022-11-16,105,0.007736432795526459
2022-11-16,106,0.009025275059345144
2022-11-16,107,0.007642062012650705
2022-11-16,108,0.007390363043287764
2022-11-16,109,0.0072072122256304095
2022-11-16,110,0.004885024659150348
2022-11-16,111,0.006067903075368265
2022-11-16,112,0.008081753933460464
2022-11-16,113,0.009088102942380268
2022-11-16,114,0.009778949256558245
2022-11-16,115,0.009150926878320711
2022-11-16,116,0.008503651226277739
2022-11-16,117,0.009182337366285102
2022-11-16,118,0.009564209978726264
2022-11-16,119,0.007153078757663635
2022-11-16,120,0.005721255313289952
2022-11-16,121,0.005500598701364949
2022-11-16,122,0.007911309768763565
2022-11-16,123,0.007158114552724401
2022-11-16,124,0.007453293725162445
2022-11-16,125,0.006377893463108286
2022-11-16,126,0.005122216909627074
2022-11-16,127,0.00215326238992145
2022-11-16,128,0.005040215313703922
2022-11-16,129,0.004049357004252032
2022-11-16,130,0.0037361173202858787
2022-11-16,131,0.002532769035842624
2022-11-16,132,0.0047752411155934284
2022-11-16,133,0.007453293725162445
2022-11-16,134,0.005878837374474283
2022-11-16,135,0.006508917415482005
2022-11-16,136,0.005839129035371142
2022-11-16,137,0.0032414282677492782
2022-11-16,138,0.003859909243905032
2022-11-16,139,0.0034809060178410227
2022-11-16,140,0.006320565085198912
2022-11-16,141,0.005342957020578127
2022-11-16,142,0.0030309690772530127
2022-11-16,143,0.001552082160136212
2022-11-16,144,0.0015830992451720538
2022-11-16,145,0.004869882817952675
2022-11-16,146,0.006275834068231963
2022-11-16,147,0.008208153168441774
2022-11-16,148,0.008658281361987728
2022-11-16,149,0.010343832372159665
2022-11-16,150,0.010156201041444194
2022-11-16,151,0.007642062012650705
2022-11-16,152,0.008145269973954799
2022-11-16,153,0.010030047814060772
2022-11-16,154,0.009119515403706575
2022-11-16,155,0.00845587447946277
2022-11-16,156,0.006193296939865948
2022-11-16,157,0.0068238086231727
2022-11-16,158,0.008459646410886373
2022-11-16,159,0.007044173485313096
2022-11-16,160,0.009182337366285102
2022-11-16,161,0.009966023670660053
2022-11-16,162,0.008040246222453754
2022-11-16,163,0.006729981414409587
2022-11-16,164,0.006508917415482005
2022-11-16,165,0.005027599086712737
2022-11-16,166,0.005428086614671904
2022-11-16,167,0.004112498282883876
2022-11-16,168,0.0034707972985651473
2022-11-16,169,0.005244576018627115
2022-11-16,170,0.0036558970239394376
2022-11-16,171,0.0026592392522752145
2022-11-16,172,0.0017736116640249403
2022-11-16,173,0.00019018035494253034
2022-11-16,174,0.00031694716756096276
2022-11-16,175,0.0007655725944041764
2022-11-16,176,0.0015900621320356274
2022-11-16,177,-6.403552515592944e-05
2022-11-16,178,0.002153895020834219
2022-11-16,179,0.00019018035494253034
2022-11-16,180,0.0006337939114430608
2022-11-16,181,0.0023335460050013654
2022-11-16,182,-0.0008492795746892806
2022-11-16,183,-0.0005707581725797367
2022-11-16,184,-0.0008879868654026822
2022-11-16,185,-0.001450363384312025
2022-11-16,186,0.002081772518835171
2022-11-16,187,0.0032907186131707817
2022-11-16,188,0.003923062485266108
2022-11-16,189,0.004459704068926361
2022-11-16,190,0.004128282979620546
2022-11-16,191,0.0030391860326879454
2022-11-16,192,0.0021418749650546874
2022-11-16,193,0.0024062828226712562
2022-11-16,194,0.00215326238992145
2022-11-16,195,0.0031175597527555872
2022-11-16,196,0.002722468362978813
2022-11-16,197,0.002722468362978813
2022-11-16,198,0.0032913505249029047
2022-11-16,199,0.006130286913059564
2022-11-16,200,0.0075168496942375805
2022-11-16,201,0.008333907695770647
2022-11-16,202,0.009488223926212309
2022-11-16,203,0.009684771039910058
2022-11-16,204,0.009590583952890197
2022-11-16,205,0.010124193520301632
2022-11-16,206,0.009340003109583389
2022-11-16,207,0.009967279085420786
2022-11-16,208,0.009569861603175904
2022-11-16,209,0.010343832372159665
2022-11-16,210,0.011972673878894915
2022-11-16,211,0.012573884585027128
2022-11-16,212,0.011597986922953232
2022-11-16,213,0.009654004233775226
2022-11-16,214,0.008145269973954799
2022-11-16,215,0.0075162204470153905
2022-11-16,216,0.00933937500853064
2022-11-16,217,0.006193927020084693
2022-11-16,218,0.004932972310418609
2022-11-16,219,0.004743691890912911
2022-11-16,220,0.007138600705603568
2022-11-16,221,0.006382933163346915
2022-11-16,222,0.006477422840419858
2022-11-16,223,0.0053744873448702225
2022-11-16,224,0.005644976676850077
2022-11-16,225,0.007264489797479759
2022-11-16,226,0.00669786403862318
2022-11-16,227,0.005941863246615626
2022-11-16,228,0.00658450034889169
2022-11-16,229,0.007863504712740766
2022-11-16,230,0.009213746867661948
2022-11-16,231,0.007144895536602825
2022-11-16,232,0.007138600705603568
2022-11-16,233,0.009025275059345144
2022-11-16,234,0.008192432740531353
2022-11-16,235,0.005816437847934186
2022-11-16,236,0.003796752013960168
2022-11-16,237,0.005397819144821828
2022-11-16,238,0.0055951717827841235
2022-11-16,239,0.0041756355749461484
2022-11-16,240,0.004333461367164713
2022-11-16,241,0.003543451446216939
2022-11-16,242,0.003607256387583896
2022-11-16,243,0.00327176107552707
2022-11-16,244,0.003606624675444929
2022-11-16,245,0.003607256387583896
2022-11-16,246,0.004396584710198115
2022-11-16,247,0.0034809060178410227
2022-11-16,248,0.004017784869815163
2022-11-16,249,0.0037399070963541575
2022-11-16,250,0.003670425586303591
2022-11-16,251,0.00398621173854737
2022-11-16,252,0.0005729671233067283
2022-11-16,253,0.0011405399791691133
2022-11-16,254,0.0006337939114430608
2022-11-16,255,0.0002535657699799539
2022-11-16,256,0.0006337939114430608
2022-11-16,257,0.0002966655574032808
2022-11-16,258,-0.0007445870327953013
2022-11-16,259,-0.0020308441326525634
2022-11-16,260,-0.0020308441326525634
2022-11-16,261,-0.0034364436843513087
2022-11-16,262,-0.003810585881838001
2022-11-16,263,-0.003181369146817451
2022-11-16,264,-0.0022570306917817275
2022-11-16,265,-0.0013291019734487151
2022-11-16,266,-0.0013329110087342893
2022-11-16,267,-0.0004438948676204385
2022-11-16,268,0.0006971512149773918
2022-11-16,269,0.0001267909219400296
2022-11-16,270,0.0007288283615025583
2022-11-16,271,0.0006971512149773918
2022-11-16,272,0.0
2022-11-16,273,0.001203865185788736
2022-11-16,274,3.1699237636087683e-05
2022-11-16,275,-0.0010149065254284292
2022-11-16,276,-0.001776762952348985
2022-11-16,277,-0.004766301800715035
2022-11-16,278,-0.005307918699658062
2022-11-16,279,-0.005722294353049231
2022-11-16,280,-0.006200633568445854
2022-11-16,281,-0.006360768873550759
2022-11-16,282,-0.006423936863097254
2022-11-16,283,-0.005466636160919793
2022-11-16,284,-0.005985671506508203
2022-11-16,285,-0.006981136480389079
2022-11-16,286,-0.0077654437339848975
2022-11-16,287,-0.007445387411561815
2022-11-16,288,-0.008659716643963665
2022-11-16,289,-0.006679201701752021
2022-11-16,290,-0.00891555291014963
2022-11-16,291,-0.00917145464528049
2022-11-16,292,-0.008222388227654174
2022-11-16,293,-0.006711114388643389
2022-11-16,294,-0.00661474118044837
2022-11-16,295,-0.006806858560290159
2022-11-16,296,-0.007204614151430386
2022-11-16,297,-0.006041161738806488
2022-11-16,298,-0.0062325309863525665
2022-11-16,299,-0.0062791030437006285
2022-11-16,300,-0.0048300062122670516
2022-11-16,301,-0.005021143800055523
2022-11-16,302,-0.004766301800715035
2022-11-16,303,-0.005848553678392758
2022-11-16,304,-0.005466636160919793
2022-11-16,305,-0.0062325309863525665
2022-11-16,306,-0.008212160612069266
2022-11-16,307,-0.00636013083340594
2022-11-16,308,-0.0072537859420310265
2022-11-16,309,-0.00659814805536261
2022-11-16,310,-0.00802041218541672
2022-11-16,311,-0.00610558529629118
2022-11-16,312,-0.007221855932608974
2022-11-16,313,-0.007463910832991624
2022-11-16,314,-0.006998374408811984
2022-11-16,315,-0.007860649911340178
2022-11-16,316,-0.007700913157170789
2022-11-16,317,-0.007573142122690603
2022-11-16,318,-0.005467273631233679
2022-11-16,319,-0.0053805813988033685
2022-11-16,320,-0.005846002827173822
2022-11-16,321,-0.005594775862695519
2022-11-16,322,-0.00483064327687716
2022-11-16,323,-0.004066457565494789
2022-11-16,324,-0.00457521291195238
2022-11-16,325,-0.005722294353049231
2022-11-16,326,-0.005148589158030926
2022-11-16,327,-0.0059142403383804516
2022-11-16,328,-0.005849829106442408
2022-11-16,329,-0.006168737167951958
2022-11-16,330,-0.0062325309863525665
2022-11-16,331,-0.006806858560290159
2022-11-16,332,-0.006870054735601953
2022-11-16,333,-0.006200633568445854
2022-11-16,334,-0.006743028093986955
2022-11-16,335,-0.005881715336376701
2022-11-16,336,-0.0048300062122670516
2022-11-16,337,-0.005531022714862054
2022-11-16,338,-0.006934531717182446
2022-11-16,339,-0.00789260032430197
2022-11-16,340,-0.00789260032430197
2022-11-16,341,-0.009058210049949536
2022-11-16,342,-0.009852472203961975
2022-11-16,343,-0.00949142393095908
2022-11-16,344,-0.010324464104966721
2022-11-16,345,-0.01098190947289659
2022-11-16,346,-0.011028703249845588
2022-11-16,347,-0.011537165828369313
2022-11-16,348,-0.009747473093797105
2022-11-16,349,-0.009843508434876254
2022-11-16,350,-0.010836414046291805
2022-11-16,351,-0.010836414046291805
2022-11-16,352,-0.011862383998423025
2022-11-16,353,-0.01138132951774481
2022-11-16,354,-0.014303289629657689
2022-11-16,355,-0.01398177723258545
2022-11-16,356,-0.013467572310598485
2022-11-16,357,-0.013403315282464065
2022-11-16,358,-0.01366036817251122
2022-11-16,359,-0.014271133737891663
2022-11-16,360,-0.012568349435438447
2022-11-16,361,-0.012631910777451539
2022-11-16,362,-0.012568349435438447
2022-11-16,363,-0.011445456746187948
2022-11-16,364,-0.012247394270119368
2022-11-16,365,-0.012568349435438447
2022-11-16,366,-0.012632552831820142
2022-11-16,367,-0.012632552831820142
2022-11-16,368,-0.011926542083967623
2022-11-16,369,-0.010163692863841249
2022-11-16,370,-0.007637025599251097
2022-11-16,371,-0.005658533075251759
2022-11-16,372,-0.007126072021040003
2022-11-16,373,-0.008148240384491518
2022-11-16,374,-0.007700913157170789
2022-11-16,375,-0.006615379383065546
2022-11-16,376,-0.006902611899760993
2022-11-16,377,-0.006679201701752021
2022-11-16,378,-0.005072119994183911
2022-11-16,379,-0.004543368313589698
2022-11-16,380,-0.005642593391016517
2022-11-16,381,-0.007092230565701162
2022-11-16,382,-0.006711114388643389
2022-11-16,383,-0.008052367703338482
2022-11-16,384,-0.008308048614955413
2022-11-16,385,-0.008659716643963665
2022-11-16,386,-0.009625841566755363
2022-11-16,387,-0.006870693101181874
2022-11-16,388,-0.006934531717182446
2022-11-16,389,-0.005913602583075074
2023-02-22,0,0.0
2023-02-22,1,-0.0026985945142602463
2023-02-22,2,-0.00803191296490705
2023-02-22,3,-0.0034709609976252887
2023-02-22,4,-0.0038182912273690933
2023-02-22,5,-0.005447500978535539
2023-02-22,6,-0.0067390874054694214
2023-02-22,7,-0.010816728225534217
2023-02-22,8,-0.011419275074694608
2023-02-22,9,-0.004458742649372944
2023-02-22,10,-0.00394325657756033
2023-02-22,11,-0.004115055744756813
2023-02-22,12,-0.009498706795142657
2023-02-22,13,-0.0037070809047036594
2023-02-22,14,-0.0013269697814292387
2023-02-22,15,-0.0034709609976252887
2023-02-22,16,0.003245785467539423
2023-02-22,17,0.009247014603459017
2023-02-22,18,0.010044774816521993
2023-02-22,19,0.009112226462237555
2023-02-22,20,0.008306933963766116
2023-02-22,21,0.009452128987231039
2023-02-22,22,0.010468180699720983
2023-02-22,23,0.013182184842891962
2023-02-22,24,0.01650335485593377
2023-02-22,25,0.01667080696312916
2023-02-22,26,0.01844542137046122
2023-02-22,27,0.01650335485593377
2023-02-22,28,0.015450878281630082
2023-02-22,29,0.014354704643509436
2023-02-22,30,0.02078601664793462
2023-02-22,31,0.015619348989184342
2023-02-22,32,0.015787791319140026
2023-02-22,33,0.017680815042433448
2023-02-22,34,0.019007160408335697
2023-02-22,35,0.016418776676927375
2023-02-22,36,0.014270787952071748
2023-02-22,37,0.01203322553833991
2023-02-22,38,0.015239828675553785
2023-02-22,39,0.017818655420132567
2023-02-22,40,0.013149255123775313
2023-02-22,41,0.01330038515879328
2023-02-22,42,0.015623560393245405
2023-02-22,43,0.013996639129721856
2023-02-22,44,0.015468990244308096
2023-02-22,45,0.016672069058472426
2023-02-22,46,0.011483623985621132
2023-02-22,47,0.011990959218250776
2023-02-22,48,0.013462043682738681
2023-02-22,49,0.009642373108297441
2023-02-22,50,0.010679816433087996
2023-02-22,51,0.014734560964579351
2023-02-22,52,0.015535117183204621
2023-02-22,53,0.015113851695468201
2023-02-22,54,0.016837810406438454
2023-02-22,55,0.014649833045478058
2023-02-22,56,0.015703994806499633
2023-02-22,57,0.015998304340147745
2023-02-22,58,0.018395025764947354
2023-02-22,59,0.019150693307203866
2023-02-22,60,0.014903152383675462
2023-02-22,61,0.014987437435771378
2023-02-22,62,0.016407414883985786
2023-02-22,63,0.017932947665528182
2023-02-22,64,0.017428618832446417
2023-02-22,65,0.016924035523447834
2023-02-22,66,0.016166682855447055
2023-02-22,67,0.016545430887328696
2023-02-22,68,0.01646127705407193
2023-02-22,69,0.016166682855447055
2023-02-22,70,0.014144267065413297
2023-02-22,71,0.01671371731121864
2023-02-22,72,0.014987437435771378
2023-02-22,73,0.014622431933454907
2023-02-22,74,0.014419640365600485
2023-02-22,75,0.013806799754356064
2023-02-22,76,0.013724102891473584
2023-02-22,77,0.010510511429720742
2023-02-22,78,0.01017181540616119
2023-02-22,79,0.01017181540616119
2023-02-22,80,0.007458109534564941
2023-02-22,81,0.0087310761425808
2023-02-22,82,0.008964277682767807
2023-02-22,83,0.009244895433639554
2023-02-22,84,0.009790645209055203
2023-02-22,85,0.005885882385110517
2023-02-22,86,0.0058646191354472695
2023-02-22,87,0.0053754395648905225
2023-02-22,88,0.00750608732382975
2023-02-22,89,0.0072245564479485646
2023-02-22,90,0.007458109534564941
2023-02-22,91,0.00940890590101094
2023-02-22,92,0.008179656222349944
2023-02-22,93,0.008199597472034824
2023-02-22,94,0.008219962593201591
2023-02-22,95,0.005758296104715443
2023-02-22,96,0.004076890138664685
2023-02-22,97,0.004225989684187287
2023-02-22,98,0.0008517567569412032
2023-02-22,99,0.0036720792756832817
2023-02-22,100,0.004268585471470366
2023-02-22,101,0.004353771603219639
2023-02-22,102,0.002989921926697928
2023-02-22,103,0.0020938836357821348
2023-02-22,104,-0.0010057671961990191
2023-02-22,105,-0.0012841368086002113
2023-02-22,106,-0.0008559079565612428
2023-02-22,107,-0.0002999123602415805
2023-02-22,108,-0.0024841540957085653
2023-02-22,109,-0.0010699994600871319
2023-02-22,110,-0.0029147970041764485
2023-02-22,111,-0.0004706587169442361
2023-02-22,112,-0.0012841368086002113
2023-02-22,113,-0.0013698045890005262
2023-02-22,114,0.00014928089623621936
2023-02-22,115,0.00012832303202158776
2023-02-22,116,0.0008124345688785827
2023-02-22,117,-0.001027177492411174
2023-02-22,118,-0.005748621579610554
2023-02-22,119,-0.0024841540957085653
2023-02-22,120,-0.0026342575601638056
2023-02-22,121,-0.0021411450454817777
2023-02-22,122,-0.001325256427290208
2023-02-22,123,-0.0011984763665399516
2023-02-22,124,-0.002763364562382068
2023-02-22,125,-0.0012413056703562762
2023-02-22,126,-0.000834501326927228
2023-02-22,127,0.0007696913062788416
2023-02-22,128,7.913448267822855e-05
2023-02-22,129,-0.0005990586400806877
2023-02-22,130,-0.001905394554136145
2023-02-22,131,-0.0037070809047036594
2023-02-22,132,-0.0052324703358404105
2023-02-22,133,-0.008894294567616009
2023-02-22,134,-0.006114389966239267
2023-02-22,135,-0.004007677806524808
2023-02-22,136,-0.005189469755325948
2023-02-22,137,-0.004458742649372944
2023-02-22,138,-0.005017485921382493
2023-02-22,139,-0.004892816134943724
2023-02-22,140,-0.004480227003392956
2023-02-22,141,-0.0065664062895719735
2023-02-22,142,-0.002913080927368193
2023-02-22,143,-0.0043298462174773695
2023-02-22,144,-0.004372809848770094
2023-02-22,145,-0.005361483172796613
2023-02-22,146,-0.0033962728527884185
2023-02-22,147,-0.003320731897966199
2023-02-22,148,-0.002677148402975442
2023-02-22,149,-0.004609142821542361
2023-02-22,150,-0.0029988883755074475
2023-02-22,151,-0.0030632487938722715
2023-02-22,152,-0.0010699994600871319
2023-02-22,153,-0.0016268519728166798
2023-02-22,154,0.000513193356856151
2023-02-22,155,0.002136570336746933
2023-02-22,156,0.0017091942676990708
2023-02-22,157,0.0006200754980209503
2023-02-22,158,0.0015144448979902219
2023-02-22,159,0.0016669163776839538
2023-02-22,160,0.00012832303202158776
2023-02-22,161,0.00038491970622596297
2023-02-22,162,-0.0003598200425211322
2023-02-22,163,-0.00025669547501267485
2023-02-22,164,0.0014537915158193964
2023-02-22,165,0.004098191434849363
2023-02-22,166,0.0052567242684980605
2023-02-22,167,0.0038851580517126746
2023-02-22,168,0.003331058768520574
2023-02-22,169,0.004651865930988621
2023-02-22,170,0.0032909812227275913
2023-02-22,171,0.003143874335237641
2023-02-22,172,0.00392776835915249
2023-02-22,173,0.003842545928557191
2023-02-22,174,0.005503074698761597
2023-02-22,175,0.0053754395648905225
2023-02-22,176,0.005885882385110517
2023-02-22,177,0.006343783060978813
2023-02-22,178,0.005954346977355043
2023-02-22,179,0.0057157637269364524
2023-02-22,180,0.004440228106814864
2023-02-22,181,0.004869418693180772
2023-02-22,182,0.005292042478123772
2023-02-22,183,0.0055885811255149236
2023-02-22,184,0.004586292802662916
2023-02-22,185,0.0034163247985858755
2023-02-22,186,0.004481537196119322
2023-02-22,187,0.002948124661341727
2023-02-22,188,0.0009406533958519776
2023-02-22,189,-0.0002990565622099826
2023-02-22,190,0.0006841992997293784
2023-02-22,191,-0.0009843573583777228
2023-02-22,192,-0.0014978916095266799
2023-02-22,193,0.0009769790747989374
2023-02-22,194,0.001709621307974645
2023-02-22,195,0.002392652284369168
2023-02-22,196,0.0013252112658677245
2023-02-22,197,0.001239766740673689
2023-02-22,198,0.0003207767100846224
2023-02-22,199,0.001239766740673689
2023-02-22,200,0.0014529372165585426
2023-02-22,201,0.0023499765135315803
2023-02-22,202,0.001624636700173281
2023-02-22,203,0.0009833893517549753
2023-02-22,204,6.758551602184739e-05
2023-02-22,205,-0.0011565054284105613
2023-02-22,206,-0.0002994844611342883
2023-02-22,207,0.0011970417401331276
2023-02-22,208,-0.00021348045740233676
2023-02-22,209,0.0017830695223191272
2023-02-22,210,0.002392652284369168
2023-02-22,211,0.0009829620012361774
2023-02-22,212,-0.000584077799505332
2023-02-22,213,-0.0006846677489420389
2023-02-22,214,0.0005559475841868902
2023-02-22,215,-0.0012408773682379358
2023-02-22,216,0.0005525273132672716
2023-02-22,217,8.555051763280896e-05
2023-02-22,218,0.00021386257272641197
2023-02-22,219,4.2348420998265067e-05
2023-02-22,220,4.320392617411584e-05
2023-02-22,221,0.001752324414632143
2023-02-22,222,0.001752324414632143
2023-02-22,223,0.00021386257272641197
2023-02-22,224,4.2348420998265067e-05
2023-02-22,225,-0.0005990586400806877
2023-02-22,226,-0.003728549115651125
2023-02-22,227,-0.0011706383026970192
2023-02-22,228,-6.416769158942417e-05
2023-02-22,229,0.0006440155316577521
2023-02-22,230,-0.00045953149989959926
2023-02-22,231,0.0005986999836718224
2023-02-22,232,9.53883579445922e-05
2023-02-22,233,0.0005559475841868902
2023-02-22,234,-0.000427862405979709
2023-02-22,235,0.00025662959935540436
2023-02-22,236,0.00047086487112566545
2023-02-22,237,0.0011115862623850032
2023-02-22,238,0.00158150104557992
2023-02-22,239,0.001965812598872039
2023-02-22,240,0.002072539601972375
2023-02-22,241,0.0004918155576997599
2023-02-22,242,0.0008124345688785827
2023-02-22,243,0.0017950256978121908
2023-02-22,244,0.0017608648171413652
2023-02-22,245,0.001239766740673689
2023-02-22,246,0.001908175280613765
2023-02-22,247,0.001239766740673689
2023-02-22,248,0.00217925521563507
2023-02-22,249,0.003160504894402287
2023-02-22,250,0.004772781723504661
2023-02-22,251,0.007882187399747683
2023-02-22,252,0.008661953238000392
2023-02-22,253,0.007521796365211341
2023-02-22,254,0.007776503135420742
2023-02-22,255,0.00762793207042353
2023-02-22,256,0.008603852377009821
2023-02-22,257,0.008675099679820596
2023-02-22,258,0.009366528512562013
2023-02-22,259,0.011483623985621132
2023-02-22,260,0.011234512738398037
2023-02-22,261,0.010680239659678558
2023-02-22,262,0.010477916926294014
2023-02-22,263,0.009494079019663586
2023-02-22,264,0.010341601127251137
2023-02-22,265,0.01021415868311372
2023-02-22,266,0.010277670236945232
2023-02-22,267,0.01324044245893076
2023-02-22,268,0.014987437435771378
2023-02-22,269,0.012772597106218546
2023-02-22,270,0.011956299502685178
2023-02-22,271,0.013047081657628874
2023-02-22,272,0.013925769978611864
2023-02-22,273,0.013511422407650808
2023-02-22,274,0.012498037192352955
2023-02-22,275,0.01349032068680469
2023-02-22,276,0.013553202501299245
2023-02-22,277,0.014228616101775567
2023-02-22,278,0.015071715384495992
2023-02-22,279,0.0146291768922305
2023-02-22,280,0.015383060810012221
2023-02-22,281,0.014734560964579351
2023-02-22,282,0.014270787952071748
2023-02-22,283,0.01275528093897866
2023-02-22,284,0.014123178694594602
2023-02-22,285,0.014528419334432705
2023-02-22,286,0.016040401626983825
2023-02-22,287,0.01549299861944142
2023-02-22,288,0.015488786665494917
2023-02-22,289,0.015746104484531048
2023-02-22,290,0.016343028952163437
2023-02-22,291,0.016566468239147626
2023-02-22,292,0.014734560964579351
2023-02-22,293,0.014987437435771378
2023-02-22,294,0.016440237489169358
2023-02-22,295,0.016040401626983825
2023-02-22,296,0.01643434633167042
2023-02-22,297,0.015829897468749396
2023-02-22,298,0.016335033024194836
2023-02-22,299,0.015282379186914047
2023-02-22,300,0.016335033024194836
2023-02-22,301,0.016672069058472426
2023-02-22,302,0.017092258250734946
2023-02-22,303,0.016629156923166577
2023-02-22,304,0.016040401626983825
2023-02-22,305,0.01755472488780595
2023-02-22,306,0.017033804061245696
2023-02-22,307,0.017428618832446417
2023-02-22,308,0.015789054529424702
2023-02-22,309,0.01665061322100092
2023-02-22,310,0.016335033024194836
2023-02-22,311,0.015029577297980264
2023-02-22,312,0.013764608331865996
2023-02-22,313,0.014228616101775567
2023-02-22,314,0.013089303363814293
2023-02-22,315,0.013342596171652801
2023-02-22,316,0.013574724898624966
2023-02-22,317,0.013194849830744298
2023-02-22,318,0.012482406129374828
2023-02-22,319,0.013467530328138456
2023-02-22,320,0.01227030647723452
2023-02-22,321,0.012117752819570239
2023-02-22,322,0.01262476651980105
2023-02-22,323,0.012751479788961746
2023-02-22,324,0.01262476651980105
2023-02-22,325,0.00936695229533618
2023-02-22,326,0.009677113115359131
2023-02-22,327,0.009790645209055203
2023-02-22,328,0.011862881360264565
2023-02-22,329,0.011909380169058004
2023-02-22,330,0.012718535883560192
2023-02-22,331,0.014017730169194519
2023-02-22,332,0.013215957787389338
2023-02-22,333,0.013559954675815885
2023-02-22,334,0.015450878281630082
2023-02-22,335,0.014102089879047146
2023-02-22,336,0.014523781712908437
2023-02-22,337,0.013047081657628874
2023-02-22,338,0.01236960175548738
2023-02-22,339,0.009388141205061623
2023-02-22,340,0.010552840367905648
2023-02-22,341,0.010764458186915666
2023-02-22,342,0.012413542050773321
2023-02-22,343,0.012111413521309405
2023-02-22,344,0.011704769235609914
2023-02-22,345,0.012371291802546829
2023-02-22,346,0.01273036202575444
2023-02-22,347,0.01203322553833991
2023-02-22,348,0.012582525195106827
2023-02-22,349,0.011187559525996644
2023-02-22,350,0.010552840367905648
2023-02-22,351,0.010425424843484925
2023-02-22,352,0.010595167514427385
2023-02-22,353,0.01076403499596713
2023-02-22,354,0.010081618249089066
2023-02-22,355,0.01002359981572714
2023-02-22,356,0.012160013781013402
2023-02-22,357,0.01296263289686425
2023-02-22,358,0.012392417149795509
2023-02-22,359,0.012835946382474251
2023-02-22,360,0.010496119182570185
2023-02-22,361,0.011608367758901455
2023-02-22,362,0.012998102245017224
2023-02-22,363,0.011610481926041168
2023-02-22,364,0.012160013781013402
2023-02-22,365,0.011102953578148046
2023-02-22,366,0.0097902216057968
2023-02-22,367,0.010778000202712678
2023-02-22,368,0.011377896740668919
2023-02-22,369,0.011525911753890464
2023-02-22,370,0.013214269167253857
2023-02-22,371,0.01295376536324841
2023-02-22,372,0.014692408668326771
2023-02-22,373,0.016082497141712948
2023-02-22,374,0.016082497141712948
2023-02-22,375,0.013722415129184687
2023-02-22,376,0.015198118991380542
2023-02-22,377,0.014776711484090745
2023-02-22,378,0.01567199026522103
2023-02-22,379,0.015324506622412642
2023-02-22,380,0.014017730169194519
2023-02-22,381,0.012835946382474251
2023-02-22,382,0.012244530346310498
2023-02-22,383,0.01262476651980105
2023-02-22,384,0.011525911753890464
2023-02-22,385,0.012160013781013402
2023-02-22,386,0.012075490072062734
2023-02-22,387,0.010595167514427385
2023-02-22,388,0.011652764330224968
2023-02-22,389,0.01194869111164432
2023-05-24,0,0.0
2023-05-24,1,0.006091496019232237
2023-05-24,2,0.003234163974944619
2023-05-24,3,-0.013869774298282922
2023-05-24,4,-0.00878219590104968
2023-05-24,5,-0.019171275416076907
2023-05-24,6,-0.01914442941814241
2023-05-24,7,-0.023529870348926087
2023-05-24,8,-0.035437517659269904
2023-05-24,9,-0.026770751463601528
2023-05-24,10,-0.015794342532860377
2023-05-24,11,-0.013629463495156015
2023-05-24,12,-0.006711966640279978
2023-05-24,13,-0.0013509252570482278
2023-05-24,14,0.000500269892870014
2023-05-24,15,-0.00733523857277437
2023-05-24,16,-0.00416986168057304
2023-05-24,17,-0.0027961098461153243
2023-05-24,18,-0.008034295617383499
2023-05-24,19,-0.007162805340484126
2023-05-24,20,-0.012828844306917664
2023-05-24,21,-0.00963276211042806
2023-05-24,22,-0.009021344533063542
2023-05-24,23,-0.007940581933856076
2023-05-24,24,-0.005625485275204509
2023-05-24,25,-0.0021883289115681988
2023-05-24,26,-0.0004609964189778404
2023-05-24,27,-2.6336928325595476e-05
2023-05-24,28,-0.0035089143868848698
2023-05-24,29,-0.0005268704020719401
2023-05-24,30,0.00975917679976152
2023-05-24,31,0.009801166019492007
2023-05-24,32,0.011131910340571318
2023-05-24,33,0.012172128557384535
2023-05-24,34,0.011391285206934448
2023-05-24,35,0.006039141368818631
2023-05-24,36,0.005698769312696345
2023-05-24,37,0.004744324397419595
2023-05-24,38,0.005369807467208174
2023-05-24,39,0.006156935477940612
2023-05-24,40,0.005541635434308776
2023-05-24,41,0.0072946356284780125
2023-05-24,42,-0.0001580319754652252
2023-05-24,43,0.0018681512057228621
2023-05-24,44,0.0015132079600500773
2023-05-24,45,0.0004739461369950934
2023-05-24,46,0.00023700114661499147
2023-05-24,47,-0.00011852164021491095
2023-05-24,48,0.005742500516632392
2023-05-24,49,0.006413940232896074
2023-05-24,50,0.004860436497885579
2023-05-24,51,0.006719538118695219
2023-05-24,52,0.0058951519452473105
2023-05-24,53,0.0010529087574464727
2023-05-24,54,0.0007897854826748532
2023-05-24,55,0.0018944382869384476
2023-05-24,56,0.004388565257546016
2023-05-24,57,0.005607110884312201
2023-05-24,58,0.00807319692893359
2023-05-24,59,0.010140666248173598
2023-05-24,60,0.007784214700897172
2023-05-24,61,0.00606217775269365
2023-05-24,62,0.006758777656458368
2023-05-24,63,0.004309636165329891
2023-05-24,64,0.0063008872150977285
2023-05-24,65,0.005661059433646235
2023-05-24,66,0.0033916608253331
2023-05-24,67,0.0010265995452741791
2023-05-24,68,0.004099040694714423
2023-05-24,69,0.0055154440538906615
2023-05-24,70,0.006006418320336513
2023-05-24,71,0.0052272935849620025
2023-05-24,72,0.003024129581040648
2023-05-24,73,0.004676957472954981
2023-05-24,74,0.005973694201021452
2023-05-24,75,0.0061438479287803625
2023-05-24,76,0.007425614325803517
2023-05-24,77,0.011703175113888487
2023-05-24,78,0.010180814567541689
2023-05-24,79,0.008269636257763762
2023-05-24,80,0.006800631466338353
2023-05-24,81,0.008105068697837853
2023-05-24,82,0.0067718571602221386
2023-05-24,83,0.007948051224814496
2023-05-24,84,0.007896316274970432
2023-05-24,85,0.008679370172789743
2023-05-24,86,0.006981105957805242
2023-05-24,87,0.007713132134284854
2023-05-24,88,0.006850330590467013
2023-05-24,89,0.00548925198746617
2023-05-24,90,0.004676957472954981
2023-05-24,91,0.004768701193489237
2023-05-24,92,0.005567826128756671
2023-05-24,93,0.005711862688103201
2023-05-24,94,0.0040738606838647265
2023-05-24,95,0.0019732953847752155
2023-05-24,96,0.00920167455185615
2023-05-24,97,0.008862377415661886
2023-05-24,98,0.011781783096699578
2023-05-24,99,0.01215911949657332
2023-05-24,100,0.01373198848630197
2023-05-24,101,0.013594298789300463
2023-05-24,102,0.019869757505573685
2023-05-24,103,0.023503547986910213
2023-05-24,104,0.02512289828744233
2023-05-24,105,0.023915060042304544
2023-05-24,106,0.02134032703569415
2023-05-24,107,0.020940649351082828
2023-05-24,108,0.023837914429923026
2023-05-24,109,0.022680015500909145
2023-05-24,110,0.024660494292253247
2023-05-24,111,0.02516142230396093
2023-05-24,112,0.024390659853317
2023-05-24,113,0.02656114849007001
2023-05-24,114,0.03217369687585885
2023-05-24,115,0.034504732029403795
2023-05-24,116,0.03756215976934085
2023-05-24,117,0.030255583910484822
2023-05-24,118,0.026098126316888282
2023-05-24,119,0.02543104887279899
2023-05-24,120,0.027201074346144494
2023-05-24,121,0.02325141320152267
2023-05-24,122,0.020102096515047695
2023-05-24,123,0.022036416143616823
2023-05-24,124,0.02283473693120397
2023-05-24,125,0.023477822859891067
2023-05-24,126,0.022937442264416734
2023-05-24,127,0.025534001362883103
2023-05-24,128,0.02333632283071182
2023-05-24,129,0.022628522195027267
2023-05-24,130,0.023271998016105695
2023-05-24,131,0.023327317605751338
2023-05-24,132,0.023446951833890037
2023-05-24,133,0.025378156439819416
2023-05-24,134,0.02212632345542181
2023-05-24,135,0.02304039441749466
2023-05-24,136,0.02385077244528849
2023-05-24,137,0.023429457829444875
2023-05-24,138,0.022164963082940484
2023-05-24,139,0.023117601577210246
2023-05-24,140,0.0193790866970981
2023-05-24,141,0.01862970361100576
2023-05-24,142,0.018358236718604086
2023-05-24,143,0.020102096515047695
2023-05-24,144,0.01793175562466235
2023-05-24,145,0.01922408798844355
2023-05-24,146,0.01606722566585558
2023-05-24,147,0.01655952380117871
2023-05-24,148,0.0159912865378982
2023-05-24,149,0.014640784394355354
2023-05-24,150,0.013212305481231985
2023-05-24,151,0.015367226933566217
2023-05-24,152,0.0176207675494022
2023-05-24,153,0.015548755142251458
2023-05-24,154,0.015833947195104343
2023-05-24,155,0.012112545671392782
2023-05-24,156,0.013264285936592525
2023-05-24,157,0.014017699063432792
2023-05-24,158,0.01115509014934407
2023-05-24,159,0.010205841275733341
2023-05-24,160,0.008627411941451906
2023-05-24,161,0.010478748154015612
2023-05-24,162,0.010218875771526598
2023-05-24,163,0.009619113050965068
2023-05-24,164,0.009788647678818664
2023-05-24,165,0.007843794724464616
2023-05-24,166,0.010114595047723782
2023-05-24,167,0.010479530015150154
2023-05-24,168,0.009607374974405301
2023-05-24,169,0.009553899770909608
2023-05-24,170,0.010297079178628182
2023-05-24,171,0.01287436664494467
2023-05-24,172,0.012276194951837929
2023-05-24,173,0.012978359989464441
2023-05-24,174,0.013446715951669398
2023-05-24,175,0.011521468114102625
2023-05-24,176,0.012354237641228574
2023-05-24,177,0.012276194951837929
2023-05-24,178,0.011469396984928156
2023-05-24,179,0.011846070462809876
2023-05-24,180,0.013315224161531039
2023-05-24,181,0.013576891383384174
2023-05-24,182,0.012614335959858804
2023-05-24,183,0.011470698796203249
2023-05-24,184,0.008810950803579699
2023-05-24,185,0.010609831663650373
2023-05-24,186,0.010127630732912127
2023-05-24,187,0.01063588995605186
2023-05-24,188,0.011182957298053627
2023-05-24,189,0.013420211092833513
2023-05-24,190,0.016507714356305273
2023-05-24,191,0.014900288742509262
2023-05-24,192,0.01641652321338909
2023-05-24,193,0.016326360158106186
2023-05-24,194,0.016339315120180675
2023-05-24,195,0.018139199712499714
2023-05-24,196,0.01789269338233709
2023-05-24,197,0.018914018478711582
2023-05-24,198,0.01932716480569326
2023-05-24,199,0.01922408798844355
2023-05-24,200,0.019701923531710522
2023-05-24,201,0.020329478317817833
2023-05-24,202,0.02110827557079478
2023-05-24,203,0.019508233938046814
2023-05-24,204,0.018397022215418928
2023-05-24,205,0.020566612652432523
2023-05-24,206,0.02061924420423436
2023-05-24,207,0.020231150421043276
2023-05-24,208,0.0208116869821233
2023-05-24,209,0.019506684270024433
2023-05-24,210,0.02102472385971543
2023-05-24,211,0.02205831408452876
2023-05-24,212,0.022425612761463
2023-05-24,213,0.022885962212925267
2023-05-24,214,0.022025853435977353
2023-05-24,215,0.019921393061829235
2023-05-24,216,0.020437602034679755
2023-05-24,217,0.021236168372048423
2023-05-24,218,0.02079878983045911
2023-05-24,219,0.01936617105561034
2023-05-24,220,0.01946329259037207
2023-05-24,221,0.019508233938046814
2023-05-24,222,0.019430747594975824
2023-05-24,223,0.017776273676229987
2023-05-24,224,0.01782801744111791
2023-05-24,225,0.018632805663892686
2023-05-24,226,0.020024656176336617
2023-05-24,227,0.019598627083725183
2023-05-24,228,0.020127908628673967
2023-05-24,229,0.019663188614114126
2023-05-24,230,0.01955988816466522
2023-05-24,231,0.018734134100460934
2023-05-24,232,0.018500442853099434
2023-05-24,233,0.019766478393682153
2023-05-24,234,0.02041179791376008
2023-05-24,235,0.02024405489566999
2023-05-24,236,0.020605312592452536
2023-05-24,237,0.01956272906972096
2023-05-24,238,0.018736201920833605
2023-05-24,239,0.019132627480329737
2023-05-24,240,0.0198439387275751
2023-05-24,241,0.020463405489763737
2023-05-24,242,0.020489208279046822
2023-05-24,243,0.020360187674277285
2023-05-24,244,0.02103117099955155
2023-05-24,245,0.02095354467330483
2023-05-24,246,0.021058764288401234
2023-05-24,247,0.01922408798844355
2023-05-24,248,0.01932742313023391
2023-05-24,249,0.01917241641296589
2023-05-24,250,0.018500442853099434
2023-05-24,251,0.016274538631432585
2023-05-24,252,0.01622167790750823
2023-05-24,253,0.017310459268966547
2023-05-24,254,0.017185428803953073
2023-05-24,255,0.017802145893351207
2023-05-24,256,0.018608505992066413
2023-05-24,257,0.018474588696395816
2023-05-24,258,0.01854878833248959
2023-05-24,259,0.018474847241271682
2023-05-24,260,0.017310459268966547
2023-05-24,261,0.01719863151672264
2023-05-24,262,0.01712096599722277
2023-05-24,263,0.015639506890905607
2023-05-24,264,0.014316309230082104
2023-05-24,265,0.013082342520492809
2023-05-24,266,0.014800647037391264
2023-05-24,267,0.012952362667187039
2023-05-24,268,0.01383589268672284
2023-05-24,269,0.013581048403382784
2023-05-24,270,0.014900288742509262
2023-05-24,271,0.015652470754136987
2023-05-24,272,0.014848393259999539
2023-05-24,273,0.015172695850127897
2023-05-24,274,0.014511006962468577
2023-05-24,275,0.013290275151069893
2023-05-24,276,0.013056347901377588
2023-05-24,277,0.013290275151069893
2023-05-24,278,0.01028404570214369
2023-05-24,279,0.012198146171310544
2023-05-24,280,0.01200533957407353
2023-05-24,281,0.010727088632431561
2023-05-24,282,0.010451903884268674
2023-05-24,283,0.012133100867233114
2023-05-24,284,0.012978100019587113
2023-05-24,285,0.01291336541648818
2023-05-24,286,0.0125103047504023
2023-05-24,287,0.011508450586000895
2023-05-24,288,0.01238025051760398
2023-05-24,289,0.011781783096699578
2023-05-24,290,0.010323145621993707
2023-05-24,291,0.010646573659664704
2023-05-24,292,0.011313167327013802
2023-05-24,293,0.011422791024902793
2023-05-24,294,0.010808378727121731
2023-05-24,295,0.010349211385917472
2023-05-24,296,0.01141732314421044
2023-05-24,297,0.007948051224814496
2023-05-24,298,0.008983754616343848
2023-05-24,299,0.00888848128295122
2023-05-24,300,0.008691902407394262
2023-05-24,301,0.006301410638148246
2023-05-24,302,0.006095422507518688
2023-05-24,303,0.005070085598472611
2023-05-24,304,0.005043881864439099
2023-05-24,305,0.004283674736930547
2023-05-24,306,0.006091496019232237
2023-05-24,307,0.007268751580384132
2023-05-24,308,0.007194756111330691
2023-05-24,309,0.006824173464610598
2023-05-24,310,0.007439469352296321
2023-05-24,311,0.006353228164051128
2023-05-24,312,0.0059867839772518704
2023-05-24,313,0.0065625645684159175
2023-05-24,314,0.0071641627451468496
2023-05-24,315,0.008992889938523702
2023-05-24,316,0.006876487032146092
2023-05-24,317,0.005738048924618698
2023-05-24,318,0.006353228164051128
2023-05-24,319,0.006085475373915884
2023-05-24,320,0.006693377571415165
2023-05-24,321,0.0067744730404463846
2023-05-24,322,0.008424252842894444
2023-05-24,323,0.008392391245492176
2023-05-24,324,0.008287919870553991
2023-05-24,325,0.0075301758211282575
2023-05-24,326,0.006693639180275466
2023-05-24,327,0.006033643971509084
2023-05-24,328,0.006654135467248413
2023-05-24,329,0.006117672316596604
2023-05-24,330,0.006431734451136343
2023-05-24,331,0.00760858976839603
2023-05-24,332,0.007450971492609433
2023-05-24,333,0.007268751580384132
2023-05-24,334,0.008183437580207046
2023-05-24,335,0.008988974810665486
2023-05-24,336,0.01040134087558184
2023-05-24,337,0.010140666248173598
2023-05-24,338,0.010896435539975428
2023-05-24,339,0.011142067851002031
2023-05-24,340,0.011052730312233612
2023-05-24,341,0.011417583520159282
2023-05-24,342,0.011924927458032123
2023-05-24,343,0.011182957298053627
2023-05-24,344,0.010865434173698457
2023-05-24,345,0.009958153569554307
2023-05-24,346,0.010144576869617115
2023-05-24,347,0.010648918847619052
2023-05-24,348,0.010688004503839712
2023-05-24,349,0.01107877706615829
2023-05-24,350,0.012191641831289554
2023-05-24,351,0.013552468541894576
2023-05-24,352,0.014356290257272735
2023-05-24,353,0.013991728747502525
2023-05-24,354,0.012565702716530748
2023-05-24,355,0.01040134087558184
2023-05-24,356,0.010439914948492456
2023-05-24,357,0.010870384036150984
2023-05-24,358,0.01128712667755862
2023-05-24,359,0.011883027320627517
2023-05-24,360,0.011716710703639579
2023-05-24,361,0.010677581811553965
2023-05-24,362,0.010349211385917472
2023-05-24,363,0.007373329477940687
2023-05-24,364,0.005803511516044223
2023-05-24,365,0.006732618135699384
2023-05-24,366,0.008797114766105674
2023-05-24,367,0.00831090450950278
2023-05-24,368,0.007744492712994665
2023-05-24,369,0.006274715713244467
2023-05-24,370,0.003417907888944278
2023-05-24,371,0.0017611556551373007
2023-05-24,372,0.0015789476964574135
2023-05-24,373,0.003270652952980217
2023-05-24,374,0.0039033543452065373
2023-05-24,375,0.002355664117716308
2023-05-24,376,0.0029456178998930934
2023-05-24,377,-0.0006586313878348547
2023-05-24,378,-0.0015023130535294184
2023-05-24,379,-0.0019774608668095967
2023-05-24,380,0.00010534077751244263
2023-05-24,381,0.0006055579875160821
2023-05-24,382,-0.00025022882898355066
2023-05-24,383,0.0007503110193580826
2023-05-24,384,0.002196690064968559
2023-05-24,385,0.0027877881453479236
2023-05-24,386,0.0011055251053579509
2023-05-24,387,0.000867414048447127
2023-05-24,388,0.000973979044315043
2023-05-24,389,0.00023700114661499147
2023-08-23,0,0.0
2023-08-23,1,-0.0027777514033694036
2023-08-23,2,-0.0030823539501711097
2023-08-23,3,-0.0025442856025108982
2023-08-23,4,0.001365768001425204
2023-08-23,5,0.0027094807905549507
2023-08-23,6,-0.0003242138020961095
2023-08-23,7,-0.0017223108507726107
2023-08-23,8,0.0007792221329041758
2023-08-23,9,-0.005135763635527806
2023-08-23,10,-0.00040503048408059344
2023-08-23,11,-0.003062044226890386
2023-08-23,12,-0.010088581718171976
2023-08-23,13,-0.016598145560829662
2023-08-23,14,-0.014644357161800393
2023-08-23,15,-0.020062638013974118
2023-08-23,16,-0.018473255577484835
2023-08-23,17,-0.020465545149331126
2023-08-23,18,-0.017524958318327722
2023-08-23,19,-0.020357054181097727
2023-08-23,20,-0.025448126816505944
2023-08-23,21,-0.016725171085410474
2023-08-23,22,-0.018423756957248665
2023-08-23,23,-0.022461811863853407
2023-08-23,24,-0.01867952620527884
2023-08-23,25,-0.025822044018976406
2023-08-23,26,-0.020424213868778834
2023-08-23,27,-0.021075380047685142
2023-08-23,28,-0.0166401424901192
2023-08-23,29,-0.021364923398483577
2023-08-23,30,-0.01894774164578015
2023-08-23,31,-0.016104196427546298
2023-08-23,32,-0.016207082378560486
2023-08-23,33,-0.011321413506845509
2023-08-23,34,-0.009356846468173374
2023-08-23,35,-0.008989647263180692
2023-08-23,36,-0.012284340880238855
2023-08-23,37,-0.011976922881568325
2023-08-23,38,-0.016495219369110786
2023-08-23,39,-0.013556005496281937
2023-08-23,40,-0.014664903488631429
2023-08-23,41,-0.011149413473659539
2023-08-23,42,-0.008172770545712084
2023-08-23,43,-0.0111268918503409
2023-08-23,44,-0.009316584882309027
2023-08-23,45,-0.011239505039511889
2023-08-23,46,-0.014767846942047837
2023-08-23,47,-0.01651580375996793
2023-08-23,48,-0.016865803248835794
2023-08-23,49,-0.014623811257112004
2023-08-23,50,-0.013802321027721422
2023-08-23,51,-0.012530343341504132
2023-08-23,52,-0.013104584538580115
2023-08-23,53,-0.014151371920831895
2023-08-23,54,-0.017257124167872697
2023-08-23,55,-0.022337575400291573
2023-08-23,56,-0.02161337705503515
2023-08-23,57,-0.021778702239599834
2023-08-23,58,-0.025354669357753996
2023-08-23,59,-0.027952506316287668
2023-08-23,60,-0.02644555022227895
2023-08-23,61,-0.023331899548999425
2023-08-23,62,-0.023798329554087137
2023-08-23,63,-0.02652871376343048
2023-08-23,64,-0.02237898583986943
2023-08-23,65,-0.02238664695916104
2023-08-23,66,-0.019442891243600352
2023-08-23,67,-0.021468352058657512
2023-08-23,68,-0.0190304903130528
2023-08-23,69,-0.020930639804475466
2023-08-23,70,-0.02594671416271625
2023-08-23,71,-0.02391237887535801
2023-08-23,72,-0.026009055063562585
2023-08-23,73,-0.026591090958348156
2023-08-23,74,-0.02575992253280686
2023-08-23,75,-0.026258457538096493
2023-08-23,76,-0.02545954999382143
2023-08-23,77,-0.02509511112440751
2023-08-23,78,-0.025198926333428767
2023-08-23,79,-0.025674330017529164
2023-08-23,80,-0.02349771640466274
2023-08-23,81,-0.02441953744484034
2023-08-23,82,-0.03320430597721452
2023-08-23,83,-0.026175316468438722
2023-08-23,84,-0.028476925999000584
2023-08-23,85,-0.029285962914120212
2023-08-23,86,-0.027485800034259787
2023-08-23,87,-0.028943469922445866
2023-08-23,88,-0.03188652092012253
2023-08-23,89,-0.03250378114082403
2023-08-23,90,-0.03745184381331293
2023-08-23,91,-0.035656237839040934
2023-08-23,92,-0.03447143463463387
2023-08-23,93,-0.035572311777851515
2023-08-23,94,-0.03571897717046379
2023-08-23,95,-0.03420949956160172
2023-08-23,96,-0.03758869406519121
2023-08-23,97,-0.03748337446899542
2023-08-23,98,-0.038998016293398816
2023-08-23,99,-0.036055612570015265
2023-08-23,100,-0.03197013820386369
2023-08-23,101,-0.030633099961771108
2023-08-23,102,-0.03183426366811048
2023-08-23,103,-0.035593292632822134
2023-08-23,104,-0.03016347184641945
2023-08-23,105,-0.028047664523124856
2023-08-23,106,-0.02800601867937403
2023-08-23,107,-0.03035129662732091
2023-08-23,108,-0.029823598681141223
2023-08-23,109,-0.028214265244058356
2023-08-23,110,-0.028474634449059944
2023-08-23,111,-0.030862567403091724
2023-08-23,112,-0.03333031860501881
2023-08-23,113,-0.03379222156545276
2023-08-23,114,-0.03238728383607803
2023-08-23,115,-0.0334931956589538
2023-08-23,116,-0.03025737982710159
2023-08-23,117,-0.029266781873660663
2023-08-23,118,-0.028812173831858866
2023-08-23,119,-0.02890178675618651
2023-08-23,120,-0.030382604187577482
2023-08-23,121,-0.028616303772263235
2023-08-23,122,-0.02873507146384029
2023-08-23,123,-0.027662506629653277
2023-08-23,124,-0.02752721609301991
2023-08-23,125,-0.030001762104619967
2023-08-23,126,-0.03161481302533671
2023-08-23,127,-0.03229422123468122
2023-08-23,128,-0.03353925824964773
2023-08-23,129,-0.032701878631585066
2023-08-23,130,-0.031876069251252206
2023-08-23,131,-0.03180311964466173
2023-08-23,132,-0.03366489428222711
2023-08-23,133,-0.03264978794901704
2023-08-23,134,-0.03148943427687027
2023-08-23,135,-0.030758371383348023
2023-08-23,136,-0.029043725052033613
2023-08-23,137,-0.03215830266015323
2023-08-23,138,-0.03109250524883543
2023-08-23,139,-0.0306122229171249
2023-08-23,140,-0.032373062473458
2023-08-23,141,-0.03036173237183311
2023-08-23,142,-0.033790546101202426
2023-08-23,143,-0.03303080294534227
2023-08-23,144,-0.03247742688227766
2023-08-23,145,-0.031032770625104976
2023-08-23,146,-0.02929784700421125
2023-08-23,147,-0.029756639137717648
2023-08-23,148,-0.030226493562429717
2023-08-23,149,-0.03035129662732091
2023-08-23,150,-0.031176056162722062
2023-08-23,151,-0.030194773526800552
2023-08-23,152,-0.02896868908163007
2023-08-23,153,-0.02915191182002188
2023-08-23,154,-0.03036173237183311
2023-08-23,155,-0.02845526064579532
2023-08-23,156,-0.028173237240565842
2023-08-23,157,-0.029568926004547195
2023-08-23,158,-0.029897238495906763
2023-08-23,159,-0.027991859487580532
2023-08-23,160,-0.027693730122211623
2023-08-23,161,-0.024368706277439766
2023-08-23,162,-0.022710331104663566
2023-08-23,163,-0.02196495859096241
2023-08-23,164,-0.021732971262514302
2023-08-23,165,-0.020096310701203303
2023-08-23,166,-0.020486211430227958
2023-08-23,167,-0.02109605893557518
2023-08-23,168,-0.020072966938578227
2023-08-23,169,-0.01983542866023343
2023-08-23,170,-0.019905031859034517
2023-08-23,171,-0.019659893147399774
2023-08-23,172,-0.019856081922933342
2023-08-23,173,-0.020725971505950125
2023-08-23,174,-0.020537879001088506
2023-08-23,175,-0.019050920589112973
2023-08-23,176,-0.018452630854628813
2023-08-23,177,-0.017792864223133593
2023-08-23,178,-0.01949780830233912
2023-08-23,179,-0.01944309769306097
2023-08-23,180,-0.01764859827892047
2023-08-23,181,-0.018958059061061367
2023-08-23,182,-0.018514506299378328
2023-08-23,183,-0.018225786973800777
2023-08-23,184,-0.017030345335685045
2023-08-23,185,-0.014047054536327166
2023-08-23,186,-0.01236633497670987
2023-08-23,187,-0.014130836142371147
2023-08-23,188,-0.013843379515543094
2023-08-23,189,-0.01253136847837273
2023-08-23,190,-0.01162863002522168
2023-08-23,191,-0.011139995278566368
2023-08-23,192,-0.009786745052050756
2023-08-23,193,-0.010257126376359841
2023-08-23,194,-0.010379870945066708
2023-08-23,195,-0.01148340725497827
2023-08-23,196,-0.011649319329333583
2023-08-23,197,-0.011331652537004664
2023-08-23,198,-0.011608145987407423
2023-08-23,199,-0.013207162318271357
2023-08-23,200,-0.015045086700415792
2023-08-23,201,-0.016454051858504442
2023-08-23,202,-0.014829289302505943
2023-08-23,203,-0.01410003326537988
2023-08-23,204,-0.01571353200608876
2023-08-23,205,-0.01727772424821363
2023-08-23,206,-0.017133532596660492
2023-08-23,207,-0.01766920642532148
2023-08-23,208,-0.017010162246230025
2023-08-23,209,-0.01766920642532148
2023-08-23,210,-0.019133471409508652
2023-08-23,211,-0.018731100510971193
2023-08-23,212,-0.01867952620527884
2023-08-23,213,-0.018813624933089204
2023-08-23,214,-0.018328891449657433
2023-08-23,215,-0.017772459633089436
2023-08-23,216,-0.016454051858504442
2023-08-23,217,-0.01727772424821363
2023-08-23,218,-0.017257124167872697
2023-08-23,219,-0.014808739597907218
2023-08-23,220,-0.013822850060907329
2023-08-23,221,-0.013641593265205695
2023-08-23,222,-0.015485663478661526
2023-08-23,223,-0.01575446335260517
2023-08-23,224,-0.015353449501971128
2023-08-23,225,-0.01676284950586151
2023-08-23,226,-0.01621572528040247
2023-08-23,227,-0.017607383260161796
2023-08-23,228,-0.01814331104641541
2023-08-23,229,-0.017875311250964965
2023-08-23,230,-0.0183132188841943
2023-08-23,231,-0.018009302170703918
2023-08-23,232,-0.019050920589112973
2023-08-23,233,-0.019058968994285396
2023-08-23,234,-0.019484388441874462
2023-08-23,235,-0.02261319414903961
2023-08-23,236,-0.0246592048996142
2023-08-23,237,-0.02362209709264821
2023-08-23,238,-0.022917477661592838
2023-08-23,239,-0.021530621270824203
2023-08-23,240,-0.021697795010867167
2023-08-23,241,-0.019907716945948232
2023-08-23,242,-0.019711518040934798
2023-08-23,243,-0.01987673561219933
2023-08-23,244,-0.02072390436308262
2023-08-23,245,-0.019536004275559182
2023-08-23,246,-0.0197528198747421
2023-08-23,247,-0.01946374285435203
2023-08-23,248,-0.018813624933089204
2023-08-23,249,-0.016721670976340967
2023-08-23,250,-0.016176215481761496
2023-08-23,251,-0.015898456276630207
2023-08-23,252,-0.016495219369110786
2023-08-23,253,-0.016643642313841245
2023-08-23,254,-0.017998994539449024
2023-08-23,255,-0.014835248795829791
2023-08-23,256,-0.015475998723319997
2023-08-23,257,-0.015476821252052991
2023-08-23,258,-0.016551415756768325
2023-08-23,259,-0.01837013621673358
2023-08-23,260,-0.01889615616604953
2023-08-23,261,-0.01880310269046095
2023-08-23,262,-0.017236730506345475
2023-08-23,263,-0.01777142910928345
2023-08-23,264,-0.019030283948757287
2023-08-23,265,-0.019195388997219117
2023-08-23,266,-0.018205167354232023
2023-08-23,267,-0.018555758722964073
2023-08-23,268,-0.019820145520448314
2023-08-23,269,-0.019133471409508652
2023-08-23,270,-0.01797858574300967
2023-08-23,271,-0.01673196544975301
2023-08-23,272,-0.01626490892958602
2023-08-23,273,-0.015919028387020997
2023-08-23,274,-0.016567266590949748
2023-08-23,275,-0.01595770510031162
2023-08-23,276,-0.017357862597124407
2023-08-23,277,-0.01609781784706637
2023-08-23,278,-0.015425414506448614
2023-08-23,279,-0.01630997891618281
2023-08-23,280,-0.015045086700415792
2023-08-23,281,-0.016124978536496953
2023-08-23,282,-0.015713326325160964
2023-08-23,283,-0.014408104740398133
2023-08-23,284,-0.014767641455537458
2023-08-23,285,-0.015898250557663616
2023-08-23,286,-0.01718502722835642
2023-08-23,287,-0.016886395269428436
2023-08-23,288,-0.017524958318327722
2023-08-23,289,-0.017454284340961575
2023-08-23,290,-0.016433468738720244
2023-08-23,291,-0.015867598904544415
2023-08-23,292,-0.01614020530631082
2023-08-23,293,-0.016567266590949748
2023-08-23,294,-0.01573389462735119
2023-08-23,295,-0.015877884589442552
2023-08-23,296,-0.018658897227753487
2023-08-23,297,-0.01814331104641541
2023-08-23,298,-0.01795776507686922
2023-08-23,299,-0.018834257102768905
2023-08-23,300,-0.01696876759237465
2023-08-23,301,-0.01764880435828214
2023-08-23,302,-0.018205167354232023
2023-08-23,303,-0.018163929390556926
2023-08-23,304,-0.018359824865482464
2023-08-23,305,-0.01925731041895476
2023-08-23,306,-0.02250384869537175
2023-08-23,307,-0.021571791417425632
2023-08-23,308,-0.020310561654763002
2023-08-23,309,-0.020641222152113177
2023-08-23,310,-0.02161317015703514
2023-08-23,311,-0.02306250578694419
2023-08-23,312,-0.022710331104663566
2023-08-23,313,-0.024762974862453924
2023-08-23,314,-0.0257181641040645
2023-08-23,315,-0.024306467550409206
2023-08-23,316,-0.024493195353684143
2023-08-23,317,-0.024908270903392465
2023-08-23,318,-0.02699705362367777
2023-08-23,319,-0.027339712860328925
2023-08-23,320,-0.02652871376343048
2023-08-23,321,-0.026715857022140726
2023-08-23,322,-0.02709024864014174
2023-08-23,323,-0.028422346872794865
2023-08-23,324,-0.030549594398164504
2023-08-23,325,-0.02867256039415133
2023-08-23,326,-0.027548028830415953
2023-08-23,327,-0.02673103795547098
2023-08-23,328,-0.02735032531221026
2023-08-23,329,-0.027072565882338286
2023-08-23,330,-0.02650792222974213
2023-08-23,331,-0.028214265244058356
2023-08-23,332,-0.026851037826672402
2023-08-23,333,-0.02787068166397336
2023-08-23,334,-0.027652099015442626
2023-08-23,335,-0.02730870849901171
2023-08-23,336,-0.02992686284044422
2023-08-23,337,-0.029329121600380585
2023-08-23,338,-0.02992352484225838
2023-08-23,339,-0.031075378173665246
2023-08-23,340,-0.0306122229171249
2023-08-23,341,-0.030549594398164504
2023-08-23,342,-0.029944387513724226
2023-08-23,343,-0.03044522224873406
2023-08-23,344,-0.03224194267358441
2023-08-23,345,-0.033099656396240566
2023-08-23,346,-0.03383264299128519
2023-08-23,347,-0.034251404562969774
2023-08-23,348,-0.033748660407255174
2023-08-23,349,-0.03476488339325051
2023-08-23,350,-0.03356040587694232
2023-08-23,351,-0.03585076356673097
2023-08-23,352,-0.03547119023071479
2023-08-23,353,-0.03773145030578932
2023-08-23,354,-0.037231157056249915
2023-08-23,355,-0.03861914070739787
2023-08-23,356,-0.03740475988494068
2023-08-23,357,-0.0388060347230399
2023-08-23,358,-0.03822904886675344
2023-08-23,359,-0.040177659166965064
2023-08-23,360,-0.03990368944944234
2023-08-23,361,-0.040558180084659175
2023-08-23,362,-0.04098440891820555
2023-08-23,363,-0.042762989656052734
2023-08-23,364,-0.04037791528466812
2023-08-23,365,-0.041949736758244136
2023-08-23,366,-0.04501608861896193
2023-08-23,367,-0.04335803368625739
2023-08-23,368,-0.04027251232907175
2023-08-23,369,-0.04093673650278505
2023-08-23,370,-0.04081039450114651
2023-08-23,371,-0.04036758530397572
2023-08-23,372,-0.042942628160464014
2023-08-23,373,-0.04273129209306426
2023-08-23,374,-0.043767265842388325
2023-08-23,375,-0.042963764223873
2023-08-23,376,-0.043890597050195275
2023-08-23,377,-0.04383072768597631
2023-08-23,378,-0.041518242027648866
2023-08-23,379,-0.04156974139805934
2023-08-23,380,-0.03854548712122417
2023-08-23,381,-0.03839819622143117
2023-08-23,382,-0.03855600872997825
2023-08-23,383,-0.040831274632426466
2023-08-23,384,-0.04192862211629489
2023-08-23,385,-0.042921492543778764
2023-08-23,386,-0.041865280865284106
2023-08-23,387,-0.041933478444465225
2023-08-23,388,-0.04232987656979528
2023-08-23,389,-0.046139243743018046
2023-11-21,0,0.0
2023-11-21,1,0.00514067679604645
2023-11-21,2,0.003878037712965913
2023-11-21,3,0.0003613125851065471
2023-11-21,4,0.007205961058444815
2023-11-21,5,0.0103746173870608
2023-11-21,6,0.011051827308173947
2023-11-21,7,0.006901898583558524
2023-11-21,8,0.00352702151748628
2023-11-21,9,0.0014894983483308458
2023-11-21,10,-0.002721785699727097
2023-11-21,11,0.0015691011064879062
2023-11-21,12,-0.0018740748464813296
2023-11-21,13,-0.0054505948896120225
2023-11-21,14,-0.010442690974695978
2023-11-21,15,-0.013947962655647747
2023-11-21,16,-0.016279036316310096
2023-11-21,17,-0.0147442700699212
2023-11-21,18,-0.014621688526993172
2023-11-21,19,-0.014021460242510025
2023-11-21,20,-0.016953515986974484
2023-11-21,21,-0.01519406873589479
2023-11-21,22,-0.023033061495128272
2023-11-21,23,-0.029564439349498543
2023-11-21,24,-0.027223948849534562
2023-11-21,25,-0.02914979407258709
2023-11-21,26,-0.026350672405989217
2023-11-21,27,-0.021262894513742067
2023-11-21,28,-0.021262894513742067
2023-11-21,29,-0.020810563975774944
2023-11-21,30,-0.02501297655871293
2023-11-21,31,-0.023413644826607467
2023-11-21,32,-0.024682546405203815
2023-11-21,33,-0.03594047963111253
2023-11-21,34,-0.03549168381409312
2023-11-21,35,-0.03386614692123562
2023-11-21,36,-0.03763168822670089
2023-11-21,37,-0.034345258698843785
2023-11-21,38,-0.03601373321407512
2023-11-21,39,-0.038249189503333655
2023-11-21,40,-0.033356041089242415
2023-11-21,41,-0.032558715334038625
2023-11-21,42,-0.030352739359203407
2023-11-21,43,-0.03115079980750837
2023-11-21,44,-0.033492390840095046
2023-11-21,45,-0.03659807567165672
2023-11-21,46,-0.03692181348862738
2023-11-21,47,-0.03653542884313191
2023-11-21,48,-0.03648322615050517
2023-11-21,49,-0.03593004508441534
2023-11-21,50,-0.03470870349257988
2023-11-21,51,-0.032087110980549234
2023-11-21,52,-0.03255517955334198
2023-11-21,53,-0.029087612107409563
2023-11-21,54,-0.02802075751792208
2023-11-21,55,-0.02794808709410048
2023-11-21,56,-0.030082987840215375
2023-11-21,57,-0.0339702821304853
2023-11-21,58,-0.03085093341608879
2023-11-21,59,-0.02966812753846997
2023-11-21,60,-0.027682915900322784
2023-11-21,61,-0.029542251473554455
2023-11-21,62,-0.02939856060647916
2023-11-21,63,-0.028735320655122937
2023-11-21,64,-0.025508516809921316
2023-11-21,65,-0.023939941478136325
2023-11-21,66,-0.0230845667357979
2023-11-21,67,-0.024703182193852914
2023-11-21,68,-0.02538440222329326
2023-11-21,69,-0.02612808098835641
2023-11-21,70,-0.02318758517618983
2023-11-21,71,-0.023836845506004515
2023-11-21,72,-0.025921448070997555
2023-11-21,73,-0.02335676447873178
2023-11-21,74,-0.023569051836642103
2023-11-21,75,-0.025198568915235295
2023-11-21,76,-0.027389467232797855
2023-11-21,77,-0.02612808098835641
2023-11-21,78,-0.025878060582496108
2023-11-21,79,-0.026665526481583324
2023-11-21,80,-0.026438110443637735
2023-11-21,81,-0.02744388738556646
2023-11-21,82,-0.028304657560923076
2023-11-21,83,-0.02984442213757107
2023-11-21,84,-0.030352531830067166
2023-11-21,85,-0.02892595709129629
2023-11-21,86,-0.03074608446336631
2023-11-21,87,-0.030684841151454156
2023-11-21,88,-0.030062240737028914
2023-11-21,89,-0.02906688564489792
2023-11-21,90,-0.028735320655122937
2023-11-21,91,-0.02635521982231262
2023-11-21,92,-0.025270833320401653
2023-11-21,93,-0.025528963119822577
2023-11-21,94,-0.02473413667529044
2023-11-21,95,-0.02506809327353124
2023-11-21,96,-0.025012770134779552
2023-11-21,97,-0.027637796187160543
2023-11-21,98,-0.027671325320979944
2023-11-21,99,-0.02825888850144123
2023-11-21,100,-0.02842374977188439
2023-11-21,101,-0.029733041816906752
2023-11-21,102,-0.028010405283133304
2023-11-21,103,-0.027289946020783197
2023-11-21,104,-0.02724463714926739
2023-11-21,105,-0.028859644643596628
2023-11-21,106,-0.029087612107409563
2023-11-21,107,-0.030062240737028914
2023-11-21,108,-0.03125589892167765
2023-11-21,109,-0.031309491259731106
2023-11-21,110,-0.03026973114134229
2023-11-21,111,-0.029089892044512428
2023-11-21,112,-0.02926380438546161
2023-11-21,113,-0.029274169603934596
2023-11-21,114,-0.029232709374653585
2023-11-21,115,-0.029294900363199396
2023-11-21,116,-0.02955407112189523
2023-11-21,117,-0.030581047493153483
2023-11-21,118,-0.03041500004471367
2023-11-21,119,-0.029046159611963513
2023-11-21,120,-0.027658493050551524
2023-11-21,121,-0.027782890223770822
2023-11-21,122,-0.02811393245393184
2023-11-21,123,-0.028393509362700287
2023-11-21,124,-0.030052697214103793
2023-11-21,125,-0.029429660774940913
2023-11-21,126,-0.028071277961320213
2023-11-21,127,-0.028714601493005226
2023-11-21,128,-0.027741284787983544
2023-11-21,129,-0.02784271400858688
2023-11-21,130,-0.026417438822671842
2023-11-21,131,-0.02531460744263429
2023-11-21,132,-0.02559092418763814
2023-11-21,133,-0.02545668005932632
2023-11-21,134,-0.025274549916718028
2023-11-21,135,-0.025714857841980573
2023-11-21,136,-0.025301805378445764
2023-11-21,137,-0.025652682538796507
2023-11-21,138,-0.025191549222726674
2023-11-21,139,-0.024827005869097807
2023-11-21,140,-0.024682546405203815
2023-11-21,141,-0.025570270071788467
2023-11-21,142,-0.026480488602561122
2023-11-21,143,-0.027358430449033806
2023-11-21,144,-0.02865244658222919
2023-11-21,145,-0.028386260085427356
2023-11-21,146,-0.029771826479796714
2023-11-21,147,-0.027637796187160543
2023-11-21,148,-0.02672755801429889
2023-11-21,149,-0.026799932999467882
2023-11-21,150,-0.026396767629013027
2023-11-21,151,-0.026396767629013027
2023-11-21,152,-0.02566321695271298
2023-11-21,153,-0.026376096862643625
2023-11-21,154,-0.025415377799054253
2023-11-21,155,-0.025363752372487808
2023-11-21,156,-0.024692864246298837
2023-11-21,157,-0.02453810780683257
2023-11-21,158,-0.02283798369668035
2023-11-21,159,-0.022168169861551238
2023-11-21,160,-0.022188753828699954
2023-11-21,161,-0.02039953186838088
2023-11-21,162,-0.019742231705039477
2023-11-21,163,-0.01922901639995904
2023-11-21,164,-0.022374028602011035
2023-11-21,165,-0.0208313255792252
2023-11-21,166,-0.02146877265414951
2023-11-21,167,-0.020378984697212058
2023-11-21,168,-0.022024093953881177
2023-11-21,169,-0.020543373888992824
2023-11-21,170,-0.02071806702040055
2023-11-21,171,-0.021715224002856234
2023-11-21,172,-0.021581704839726254
2023-11-21,173,-0.020769453161569477
2023-11-21,174,-0.01935216405415187
2023-11-21,175,-0.016963754388145846
2023-11-21,176,-0.017383619115948837
2023-11-21,177,-0.016349635782546206
2023-11-21,178,-0.015909749327535957
2023-11-21,179,-0.016298476251770146
2023-11-21,180,-0.016237088269471643
2023-11-21,181,-0.018469940794460855
2023-11-21,182,-0.01898256139537237
2023-11-21,183,-0.0186321704330229
2023-11-21,184,-0.017486051894527413
2023-11-21,185,-0.017523544914530016
2023-11-21,186,-0.01685113774021491
2023-11-21,187,-0.016196165041441588
2023-11-21,188,-0.015521377927117755
2023-11-21,189,-0.015199178924333112
2023-11-21,190,-0.015480279511639978
2023-11-21,191,-0.017035426131591806
2023-11-21,192,-0.016564534397277075
2023-11-21,193,-0.017352891328295802
2023-11-21,194,-0.01750653970940035
2023-11-21,195,-0.018070119171087293
2023-11-21,196,-0.020029747366355034
2023-11-21,197,-0.019126404938168726
2023-11-21,198,-0.019998938162616577
2023-11-21,199,-0.01998866863896834
2023-11-21,200,-0.01947532687555726
2023-11-21,201,-0.019516179228078582
2023-11-21,202,-0.019023804004410217
2023-11-21,203,-0.01935216405415187
2023-11-21,204,-0.020245849258827192
2023-11-21,205,-0.019927259088490606
2023-11-21,206,-0.021766867165894214
2023-11-21,207,-0.020779730706675145
2023-11-21,208,-0.02003139055055033
2023-11-21,209,-0.020214622524795924
2023-11-21,210,-0.019998938162616577
2023-11-21,211,-0.01908392687464496
2023-11-21,212,-0.01836740718898174
2023-11-21,213,-0.018551975248977743
2023-11-21,214,-0.018931472163709485
2023-11-21,215,-0.017409226326940853
2023-11-21,216,-0.01705590471611276
2023-11-21,217,-0.016871612551079673
2023-11-21,218,-0.016748769973687915
2023-11-21,219,-0.01722998961878315
2023-11-21,220,-0.017158303929776283
2023-11-21,221,-0.015950865397696443
2023-11-21,222,-0.015398496645104919
2023-11-21,223,-0.014836420422992687
2023-11-21,224,-0.015132748511443661
2023-11-21,225,-0.01515318816846693
2023-11-21,226,-0.015398496645104919
2023-11-21,227,-0.015439796156733812
2023-11-21,228,-0.013927751766244341
2023-11-21,229,-0.014335927580317612
2023-11-21,230,-0.014233816953575854
2023-11-21,231,-0.01288938018386371
2023-11-21,232,-0.013348750593393166
2023-11-21,233,-0.013437711703164146
2023-11-21,234,-0.013703009705801806
2023-11-21,235,-0.011521494625126815
2023-11-21,236,-0.011725173058321745
2023-11-21,237,-0.01174554318349687
2023-11-21,238,-0.010727544887259273
2023-11-21,239,-0.009717087133928139
2023-11-21,240,-0.009243125927275204
2023-11-21,241,-0.009568289528075325
2023-11-21,242,-0.009873023137051283
2023-11-21,243,-0.009454876714866823
2023-11-21,244,-0.00948698871502252
2023-11-21,245,-0.008511894175485672
2023-11-21,246,-0.01005663998066091
2023-11-21,247,-0.00993402167086889
2023-11-21,248,-0.010870002277477421
2023-11-21,249,-0.009913891743369426
2023-11-21,250,-0.010910708116735687
2023-11-21,251,-0.011312767275740869
2023-11-21,252,-0.011765913723622448
2023-11-21,253,-0.013335692747953794
2023-11-21,254,-0.012744187962975153
2023-11-21,255,-0.011990017056569354
2023-11-21,256,-0.011136859226333505
2023-11-21,257,-0.010768244927965048
2023-11-21,258,-0.010910504583417486
2023-11-21,259,-0.011419670963256306
2023-11-21,260,-0.010040167990212645
2023-11-21,261,-0.009893558894634953
2023-11-21,262,-0.00986855005766969
2023-11-21,263,-0.00934472819512523
2023-11-21,264,-0.008688153363045951
2023-11-21,265,-0.0076898970823023665
2023-11-21,266,-0.008014555939716936
2023-11-21,267,-0.007456613616477797
2023-11-21,268,-0.008024703227600655
2023-11-21,269,-0.00739576600929117
2023-11-21,270,-0.007091583497440021
2023-11-21,271,-0.006362125366928542
2023-11-21,272,-0.006655749857360955
2023-11-21,273,-0.007558034523470378
2023-11-21,274,-0.008208589923064018
2023-11-21,275,-0.007334922104310576
2023-11-21,276,-0.007780993835537055
2023-11-21,277,-0.006746752447552122
2023-11-21,278,-0.006949866045915198
2023-11-21,279,-0.006810398378368892
2023-11-21,280,-0.00597703857229766
2023-11-21,281,-0.006483495914092936
2023-11-21,282,-0.006442969886246117
2023-11-21,283,-0.007821777031161783
2023-11-21,284,-0.007562091573710888
2023-11-21,285,-0.0061431283138022
2023-11-21,286,-0.005754278575021658
2023-11-21,287,-0.004893676254141741
2023-11-21,288,-0.0045198729059481545
2023-11-21,289,-0.005615787375673005
2023-11-21,290,-0.005774527433492843
2023-11-21,291,-0.006361922757296176
2023-11-21,292,-0.007943527807473386
2023-11-21,293,-0.007355202994642357
2023-11-21,294,-0.00796382104475276
2023-11-21,295,-0.007801486676181214
2023-11-21,296,-0.00873547246674159
2023-11-21,297,-0.009385371992887291
2023-11-21,298,-0.010686846502979621
2023-11-21,299,-0.009405694511254356
2023-11-21,300,-0.011134619855735193
2023-11-21,301,-0.011391162195790276
2023-11-21,302,-0.01166406517233004
2023-11-21,303,-0.012601463349873375
2023-11-21,304,-0.01255049521004665
2023-11-21,305,-0.012468951589260728
2023-11-21,306,-0.014397198961495722
2023-11-21,307,-0.016237088269471643
2023-11-21,308,-0.017486051894527413
2023-11-21,309,-0.019762971139812638
2023-11-21,310,-0.017926632443363393
2023-11-21,311,-0.01707740768121875
2023-11-21,312,-0.014937366475587101
2023-11-21,313,-0.015207150870441577
2023-11-21,314,-0.01624240841212507
2023-11-21,315,-0.018039370281888487
2023-11-21,316,-0.018098408984234926
2023-11-21,317,-0.018695551739599643
2023-11-21,318,-0.02270349075802636
2023-11-21,319,-0.01920849326525472
2023-11-21,320,-0.01805986943629909
2023-11-21,321,-0.017342648942229453
2023-11-21,322,-0.01752702794403233
2023-11-21,323,-0.017568005672642457
2023-11-21,324,-0.017813907313225828
2023-11-21,325,-0.01635986800278449
2023-11-21,326,-0.016055606508248495
2023-11-21,327,-0.016523597767174745
2023-11-21,328,-0.015694991364047742
2023-11-21,329,-0.015909749327535957
2023-11-21,330,-0.016133760342859065
2023-11-21,331,-0.015459833167956674
2023-11-21,332,-0.01661857331513634
2023-11-21,333,-0.019629301736899165
2023-11-21,334,-0.018449433232296586
2023-11-21,335,-0.018021741345177353
2023-11-21,336,-0.018162371512055873
2023-11-21,337,-0.019146926388215108
2023-11-21,338,-0.018777604704834604
2023-11-21,339,-0.018182873188068608
2023-11-21,340,-0.018285387873387054
2023-11-21,341,-0.017187182403528397
2023-11-21,342,-0.01697399289414314
2023-11-21,343,-0.016416556399677363
2023-11-21,344,-0.016682031833041035
2023-11-21,345,-0.01568476594467764
2023-11-21,346,-0.01568476594467764
2023-11-21,347,-0.016809575163398875
2023-11-21,348,-0.01751678377424537
2023-11-21,349,-0.016677118771708344
2023-11-21,350,-0.01750653970940035
2023-11-21,351,-0.01935216405415187
2023-11-21,352,-0.019454798685219158
2023-11-21,353,-0.020214006217489366
2023-11-21,354,-0.019414769926090036
2023-11-21,355,-0.020379190166833868
2023-11-21,356,-0.019289767347364185
2023-11-21,357,-0.01886889654079224
2023-11-21,358,-0.018821916105673027
2023-11-21,359,-0.01791638417916305
2023-11-21,360,-0.01827513593192555
2023-11-21,361,-0.017851412627764025
2023-11-21,362,-0.0174975250191429
2023-11-21,363,-0.01722998961878315
2023-11-21,364,-0.01867503955023039
2023-11-21,365,-0.017384438536544665
2023-11-21,366,-0.017424590968291902
2023-11-21,367,-0.017219748491439764
2023-11-21,368,-0.018285387873387054
2023-11-21,369,-0.019187970551740933
2023-11-21,370,-0.019531370980845675
2023-11-21,371,-0.020152788251106515
2023-11-21,372,-0.018822326405596085
2023-11-21,373,-0.01998866863896834
2023-11-21,374,-0.018869922339106934
2023-11-21,375,-0.01811111916084304
2023-11-21,376,-0.018408419369605244
2023-11-21,377,-0.019126404938168726
2023-11-21,378,-0.018613505506501173
2023-11-21,379,-0.018186973573709905
2023-11-21,380,-0.01812136942094348
2023-11-21,381,-0.018796888128701568
2023-11-21,382,-0.01728119682876962
2023-11-21,383,-0.01814187025635324
2023-11-21,384,-0.01857248491415818
2023-11-21,385,-0.019577974148822584
2023-11-21,386,-0.019434270916279
2023-11-21,387,-0.019306187155893148
2023-11-21,388,-0.019577974148822584
2023-11-21,389,-0.019608770385524894
2024-02-21,0,0.0
2024-02-21,1,0.002111579273299243
2024-02-21,2,0.016430773629376026
2024-02-21,3,0.011938915074128078
2024-02-21,4,0.011970742737940536
2024-02-21,5,0.016267447824466725
2024-02-21,6,0.016043475139746004
2024-02-21,7,0.02083892952622926
2024-02-21,8,0.017112176241731992
2024-02-21,9,0.02503063415418119
2024-02-21,10,0.023647846396851597
2024-02-21,11,0.023713381061436018
2024-02-21,12,0.022034339819060614
2024-02-21,13,0.024067194055305358
2024-02-21,14,0.02766373218090942
2024-02-21,15,0.03198337081709748
2024-02-21,16,0.03309932419278655
2024-02-21,17,0.03762698852508482
2024-02-21,18,0.038692250032780345
2024-02-21,19,0.038169708339925675
2024-02-21,20,0.04148552416799863
2024-02-21,21,0.03418394368764077
2024-02-21,22,0.031201852069309585
2024-02-21,23,0.03204056284454441
2024-02-21,24,0.028029200637218313
2024-02-21,25,0.030928631578675495
2024-02-21,26,0.028785817811996166
2024-02-21,27,0.03165055230931643
2024-02-21,28,0.03122305606193123
2024-02-21,29,0.03416993600364764
2024-02-21,30,0.0350774359038756
2024-02-21,31,0.03585658026407098
2024-02-21,32,0.03470157157351138
2024-02-21,33,0.032573331369227784
2024-02-21,34,0.03450697388223119
2024-02-21,35,0.03630772712002211
2024-02-21,36,0.0376011373759997
2024-02-21,37,0.03761664814564455
2024-02-21,38,0.04006691150312252
2024-02-21,39,0.040726732970536195
2024-02-21,40,0.03794554907350596
2024-02-21,41,0.04006691150312252
2024-02-21,42,0.03950586911036027
2024-02-21,43,0.04232080363940892
2024-02-21,44,0.04368355197331109
2024-02-21,45,0.04082736291277054
2024-02-21,46,0.04209898850623003
2024-02-21,47,0.04232723605880287
2024-02-21,48,0.04361918462562381
2024-02-21,49,0.043731343012397506
2024-02-21,50,0.043856976301324915
2024-02-21,51,0.04154990024792975
2024-02-21,52,0.04128464415836082
2024-02-21,53,0.03981686735077981
2024-02-21,54,0.039015505392610464
2024-02-21,55,0.03960907294447428
2024-02-21,56,0.04237226183606797
2024-02-21,57,0.042185713273398234
2024-02-21,58,0.042760685778669934
2024-02-21,59,0.042558775604862126
2024-02-21,60,0.04373044373973585
2024-02-21,61,0.04359361640566065
2024-02-21,62,0.043510097564082625
2024-02-21,63,0.045362576377288924
2024-02-21,64,0.044492608311066516
2024-02-21,65,0.043856976301324915
2024-02-21,66,0.04469156156091789
2024-02-21,67,0.0451342509381494
2024-02-21,68,0.044492608311066516
2024-02-21,69,0.04474931476864353
2024-02-21,70,0.044261516142778665
2024-02-21,71,0.044338424409935316
2024-02-21,72,0.04158723647546883
2024-02-21,73,0.04133023200789332
2024-02-21,74,0.03906713395095875
2024-02-21,75,0.036695925882661164
2024-02-21,76,0.03842933436366164
2024-02-21,77,0.038694057661567804
2024-02-21,78,0.038712133769730483
2024-02-21,79,0.0364895523024048
2024-02-21,80,0.037406715323376444
2024-02-21,81,0.03744601644599725
2024-02-21,82,0.03728052759413815
2024-02-21,83,0.03751065309111948
2024-02-21,84,0.03690290362035718
2024-02-21,85,0.04027731795966395
2024-02-21,86,0.041252448097224295
2024-02-21,87,0.04152286279913017
2024-02-21,88,0.041278205029059885
2024-02-21,89,0.04224927234739735
2024-02-21,90,0.04179809561912442
2024-02-21,91,0.041921912807965506
2024-02-21,92,0.04291241309154882
2024-02-21,93,0.04244031123481225
2024-02-21,94,0.04201199884018739
2024-02-21,95,0.04328520446767399
2024-02-21,96,0.045050860674876445
2024-02-21,97,0.0429122845188262
2024-02-21,98,0.04260006119174152
2024-02-21,99,0.0427966909531316
2024-02-21,100,0.043092398693186464
2024-02-21,101,0.04294455575354243
2024-02-21,102,0.0426938155865474
2024-02-21,103,0.04364500914901659
2024-02-21,104,0.04355507011477268
2024-02-21,105,0.04390193325504931
2024-02-21,106,0.043760633165538236
2024-02-21,107,0.0441946178315894
2024-02-21,108,0.043452272741155075
2024-02-21,109,0.04349082299462781
2024-02-21,110,0.042578068147330346
2024-02-21,111,0.043587192127026844
2024-02-21,112,0.04370924636422686
2024-02-21,113,0.04379917153370008
2024-02-21,114,0.04445409665807738
2024-02-21,115,0.04370282282839156
2024-02-21,116,0.043323761162085084
2024-02-21,117,0.04326464028944362
2024-02-21,118,0.041572559641961944
2024-02-21,119,0.041226690501951865
2024-02-21,120,0.041921912807965506
2024-02-21,121,0.041535866615750545
2024-02-21,122,0.043143688658316165
2024-02-21,123,0.042867411628993685
2024-02-21,124,0.04444023209991878
2024-02-21,125,0.04392119990223577
2024-02-21,126,0.04344970267141624
2024-02-21,127,0.043544790852926424
2024-02-21,128,0.043215798671233985
2024-02-21,129,0.04340087009133717
2024-02-21,130,0.04385055371437112
2024-02-21,131,0.04547030735774478
2024-02-21,132,0.045737019845830035
2024-02-21,133,0.041664994350359454
2024-02-21,134,0.04218880125699901
2024-02-21,135,0.04158723647546883
2024-02-21,136,0.039857879393881857
2024-02-21,137,0.03993796410058941
2024-02-21,138,0.040337646938243064
2024-02-21,139,0.041111803548269404
2024-02-21,140,0.04086601448814898
2024-02-21,141,0.04107213099623464
2024-02-21,142,0.04136062275303814
2024-02-21,143,0.04095619568800657
2024-02-21,144,0.03934459179366509
2024-02-21,145,0.04042787579736039
2024-02-21,146,0.04096907805269377
2024-02-21,147,0.04209435611122267
2024-02-21,148,0.04148423660412742
2024-02-21,149,0.04080829425193367
2024-02-21,150,0.04045120507771562
2024-02-21,151,0.040427746904796856
2024-02-21,152,0.040331201708196485
2024-02-21,153,0.04024740993714408
2024-02-21,154,0.04107213099623464
2024-02-21,155,0.041793204396693304
2024-02-21,156,0.041584661607977955
2024-02-21,157,0.04082349767306449
2024-02-21,158,0.041548612766944236
2024-02-21,159,0.04209242594030293
2024-02-21,160,0.04192178410782867
2024-02-21,161,0.04202486761089819
2024-02-21,162,0.04205626671643795
2024-02-21,163,0.0426920151734042
2024-02-21,164,0.041989864167173485
2024-02-21,165,0.04138946735173442
2024-02-21,166,0.04140697973788514
2024-02-21,167,0.041046368755948914
2024-02-21,168,0.04141985629675367
2024-02-21,169,0.04103348738691668
2024-02-21,170,0.04102704664017651
2024-02-21,171,0.03970568788094765
2024-02-21,172,0.040675834329242
2024-02-21,173,0.0411558536938287
2024-02-21,174,0.04065508755757083
2024-02-21,175,0.039620295719328666
2024-02-21,176,0.03924161875018789
2024-02-21,177,0.038763777992690054
2024-02-21,178,0.03882832952097005
2024-02-21,179,0.038934185007674905
2024-02-21,180,0.03854414248732114
2024-02-21,181,0.03832471705947647
2024-02-21,182,0.03986058767714693
2024-02-21,183,0.040519127562848825
2024-02-21,184,0.04069078204702205
2024-02-21,185,0.04027319276835831
2024-02-21,186,0.04021904805499602
2024-02-21,187,0.040155488734306535
2024-02-21,188,0.04046641392875168
2024-02-21,189,0.03862174996128281
2024-02-21,190,0.037134926473967836
2024-02-21,191,0.03862174996128281
2024-02-21,192,0.0378397181035569
2024-02-21,193,0.03846769129975288
2024-02-21,194,0.038902558627527735
2024-02-21,195,0.037407232453438875
2024-02-21,196,0.03753663584516484
2024-02-21,197,0.038389296935118215
2024-02-21,198,0.03690937098442127
2024-02-21,199,0.03745571220911051
2024-02-21,200,0.03820071200611176
2024-02-21,201,0.03784023500974932
2024-02-21,202,0.03926704039953675
2024-02-21,203,0.038899331389639864
2024-02-21,204,0.03878430583053693
2024-02-21,205,0.03904777355394102
2024-02-21,206,0.03889287688261898
2024-02-21,207,0.03997665006725966
2024-02-21,208,0.03933168848461136
2024-02-21,209,0.039886380483534545
2024-02-21,210,0.03958327298446268
2024-02-21,211,0.03934472082591489
2024-02-21,212,0.039138118866694084
2024-02-21,213,0.038842917589105276
2024-02-21,214,0.03891869466074232
2024-02-21,215,0.03901847410694351
2024-02-21,216,0.03783377366313987
2024-02-21,217,0.03754943307289757
2024-02-21,218,0.03776915790074838
2024-02-21,219,0.03767868881849549
2024-02-21,220,0.036670050653016956
2024-02-21,221,0.03562801645638139
2024-02-21,222,0.03544007585671487
2024-02-21,223,0.034643235134286306
2024-02-21,224,0.03380670532222891
2024-02-21,225,0.03606178993631652
2024-02-21,226,0.03504814948306673
2024-02-21,227,0.0363879672191486
2024-02-21,228,0.03650171593903208
2024-02-21,229,0.03583521532270882
2024-02-21,230,0.03555535718732891
2024-02-21,231,0.03509687332025475
2024-02-21,232,0.03441283775873394
2024-02-21,233,0.03452006925237623
2024-02-21,234,0.03472736815810986
2024-02-21,235,0.03525883709902933
2024-02-21,236,0.03676061102774009
2024-02-21,237,0.0367347374718066
2024-02-21,238,0.03718729876753635
2024-02-21,239,0.03801467558894662
2024-02-21,240,0.037631383153969425
2024-02-21,241,0.03836346548532656
2024-02-21,242,0.03874441172163275
2024-02-21,243,0.03937052694121716
2024-02-21,244,0.039667120420876494
2024-02-21,245,0.03948651720564831
2024-02-21,246,0.03920251718541699
2024-02-21,247,0.03927168591028931
2024-02-21,248,0.04005401751107799
2024-02-21,249,0.0387431206235603
2024-02-21,250,0.03902363706740051
2024-02-21,251,0.03907720120927939
2024-02-21,252,0.03935749493622558
2024-02-21,253,0.04006110922727664
2024-02-21,254,0.03973806276090699
2024-02-21,255,0.040225365089285224
2024-02-21,256,0.040198420726363364
2024-02-21,257,0.04005414645182147
2024-02-21,258,0.0401828210265219
2024-02-21,259,0.04031199467630831
2024-02-21,260,0.03995859680239077
2024-02-21,261,0.0409046645696413
2024-02-21,262,0.04169666221573045
2024-02-21,263,0.042873583377966915
2024-02-21,264,0.04229507354806579
2024-02-21,265,0.041973391534393174
2024-02-21,266,0.04134259445633811
2024-02-21,267,0.04247336947939019
2024-02-21,268,0.04256507787633574
2024-02-21,269,0.04274525459275713
2024-02-21,270,0.04242693326881088
2024-02-21,271,0.04266796648703026
2024-02-21,272,0.04219214656180576
2024-02-21,273,0.04172562584867311
2024-02-21,274,0.04176746072641671
2024-02-21,275,0.04244687151812372
2024-02-21,276,0.04235939753514612
2024-02-21,277,0.04187043143134235
2024-02-21,278,0.040891910207890875
2024-02-21,279,0.04096907805269377
2024-02-21,280,0.039512319662043695
2024-02-21,281,0.04056964755795204
2024-02-21,282,0.04205047597193942
2024-02-21,283,0.042269342794667805
2024-02-21,284,0.04283526648724684
2024-02-21,285,0.042526491917941237
2024-02-21,286,0.04266809509116935
2024-02-21,287,0.04359361640566065
2024-02-21,288,0.042725965275502
2024-02-21,289,0.04268867154039503
2024-02-21,290,0.04329805686432499
2024-02-21,291,0.04290598443517016
2024-02-21,292,0.04348311306282215
2024-02-21,293,0.043362316369934394
2024-02-21,294,0.044014958953103464
2024-02-21,295,0.04403807627221458
2024-02-21,296,0.044325842159895
2024-02-21,297,0.043991841099569336
2024-02-21,298,0.043715669858800606
2024-02-21,299,0.04453753669843359
2024-02-21,300,0.043323761162085084
2024-02-21,301,0.0426423739342302
2024-02-21,302,0.04298402552918123
2024-02-21,303,0.04228542459312809
2024-02-21,304,0.0426938155865474
2024-02-21,305,0.04284246708880584
2024-02-21,306,0.0436152016795709
2024-02-21,307,0.044149160379371555
2024-02-21,308,0.04381882552959883
2024-02-21,309,0.04354864558850119
2024-02-21,310,0.04291241309154882
2024-02-21,311,0.0432594991788095
2024-02-21,312,0.04367070453027332
2024-02-21,313,0.04391477772775172
2024-02-21,314,0.043895510956829906
2024-02-21,315,0.04447335266996527
2024-02-21,316,0.04449902677570558
2024-02-21,317,0.044248676123004704
2024-02-21,318,0.04467654518054941
2024-02-21,319,0.044084309307267464
2024-02-21,320,0.04387945503082829
2024-02-21,321,0.04427551157654402
2024-02-21,322,0.04465280087108083
2024-02-21,323,0.044954504188134035
2024-02-21,324,0.0454549179282307
2024-02-21,325,0.04541644331826248
2024-02-21,326,0.043844131086167436
2024-02-21,327,0.04225647716968779
2024-02-21,328,0.04370924636422686
2024-02-21,329,0.043918245707095675
2024-02-21,330,0.04383770841671334
2024-02-21,331,0.04359361640566065
2024-02-21,332,0.044312874573276304
2024-02-21,333,0.04537155440228997
2024-02-21,334,0.04564085767787602
2024-02-21,335,0.04541900833831451
2024-02-21,336,0.04552545086874628
2024-02-21,337,0.044755731585838024
2024-02-21,338,0.04433855279942574
2024-02-21,339,0.04386352729752276
2024-02-21,340,0.04459529880201728
2024-02-21,341,0.04349082299462781
2024-02-21,342,0.044158534542879956
2024-02-21,343,0.04440261709894923
2024-02-21,344,0.04519852084200591
2024-02-21,345,0.044618787769872555
2024-02-21,346,0.04497387887461894
2024-02-21,347,0.04508293467601469
2024-02-21,348,0.047931745459943005
2024-02-21,349,0.048592024761731994
2024-02-21,350,0.04880933686751049
2024-02-21,351,0.048883467841638314
2024-02-21,352,0.049320601014043
2024-02-21,353,0.04897804076190311
2024-02-21,354,0.048176443661493755
2024-02-21,355,0.0481700487569537
2024-02-21,356,0.04879016416943205
2024-02-21,357,0.050341962938617014
2024-02-21,358,0.049460989981131666
2024-02-21,359,0.0479909748245232
2024-02-21,360,0.04928981244533796
2024-02-21,361,0.04854075778664675
2024-02-21,362,0.04866872854454436
2024-02-21,363,0.049208812264256885
2024-02-21,364,0.050010093232722076
2024-02-21,365,0.052035080664329415
2024-02-21,366,0.05106276184461297
2024-02-21,367,0.05173206537961732
2024-02-21,368,0.05185950099294609
2024-02-21,369,0.05100537212054618
2024-02-21,370,0.05156637480002211
2024-02-21,371,0.05211432351044266
2024-02-21,372,0.05081404924986442
2024-02-21,373,0.049282019337779405
2024-02-21,374,0.04761583891012379
2024-02-21,375,0.04649957887697327
2024-02-21,376,0.047909101773759816
2024-02-21,377,0.04731276144284202
2024-02-21,378,0.048444992730858887
2024-02-21,379,0.04966955702983947
2024-02-21,380,0.05079491494939779
2024-02-21,381,0.050686480330582796
2024-02-21,382,0.05029091322895116
2024-02-21,383,0.0510563853712491
2024-02-21,384,0.050501476486440974
2024-02-21,385,0.05117753141295024
2024-02-21,386,0.05247733343988447
2024-02-21,387,0.051853129597961026
2024-02-21,388,0.05194869626055942
2024-02-21,389,0.05171932092504778
2024-05-22,0,0.0
2024-05-22,1,-0.004758206340978197
2024-05-22,2,-0.0008000594857062815
2024-05-22,3,0.006378700162270204
2024-05-22,4,0.005106288685777892
2024-05-22,5,0.01227705315852348
2024-05-22,6,0.009783588026797659
2024-05-22,7,0.014457582563285104
2024-05-22,8,0.014386296039193029
2024-05-22,9,0.012681891951464113
2024-05-22,10,0.009843799411300461
2024-05-22,11,0.008209945193609151
2024-05-22,12,0.0064950694409119545
2024-05-22,13,0.010723651040926208
2024-05-22,14,0.011500653731961775
2024-05-22,15,0.013394780819165225
2024-05-22,16,0.014186070132515077
2024-05-22,17,0.010076492478986026
2024-05-22,18,0.013231054011424005
2024-05-22,19,0.013266209380097727
2024-05-22,20,0.007861395061794774
2024-05-22,21,0.006611425179320565
2024-05-22,22,0.004281734168533937
2024-05-22,23,0.007725814972491469
2024-05-22,24,0.003431015746328413
2024-05-22,25,0.0040326215277533455
2024-05-22,26,0.003265065618727295
2024-05-22,27,0.004816101272009278
2024-05-22,28,0.003527207519924438
2024-05-22,29,0.0029299686447163244
2024-05-22,30,0.005544323810150531
2024-05-22,31,0.006941026268049133
2024-05-22,32,0.005602558710342531
2024-05-22,33,0.005757835199853185
2024-05-22,34,0.005641380093165416
2024-05-22,35,0.008954950900765049
2024-05-22,36,0.009051773461987104
2024-05-22,37,0.009075953457877517
2024-05-22,38,0.011437936785580907
2024-05-22,39,0.012412017634150486
2024-05-22,40,0.013548852154497991
2024-05-22,41,0.014614760532259546
2024-05-22,42,0.014506450820629855
2024-05-22,43,0.013697027125821184
2024-05-22,44,0.01397242596856685
2024-05-22,45,0.014386199832623028
2024-05-22,46,0.012537325481959103
2024-05-22,47,0.01179488842242498
2024-05-22,48,0.012701165901757148
2024-05-22,49,0.014917599940106717
2024-05-22,50,0.013235869888407132
2024-05-22,51,0.012429079703017229
2024-05-22,52,0.009946044147211012
2024-05-22,53,0.010694682746722032
2024-05-22,54,0.011905806899868988
2024-05-22,55,0.009844572567622292
2024-05-22,56,0.013953080256897121
2024-05-22,57,0.013955197716215215
2024-05-22,58,0.01598195507867369
2024-05-22,59,0.017124335097024445
2024-05-22,60,0.01602998051295302
2024-05-22,61,0.018600774653853326
2024-05-22,62,0.01945304879295861
2024-05-22,63,0.018878370195486043
2024-05-22,64,0.0184979738688939
2024-05-22,65,0.019529622135900853
2024-05-22,66,0.01944137084287118
2024-05-22,67,0.01923765482459263
2024-05-22,68,0.017249053880314686
2024-05-22,69,0.017747773523900747
2024-05-22,70,0.01899348556141727
2024-05-22,71,0.017484058545519213
2024-05-22,72,0.016524508309011157
2024-05-22,73,0.01615570017776295
2024-05-22,74,0.018720519931841432
2024-05-22,75,0.020687079494207665
2024-05-22,76,0.021642645739876308
2024-05-22,77,0.020663178634970584
2024-05-22,78,0.019677966304213323
2024-05-22,79,0.018610354803782723
2024-05-22,80,0.018936408384055733
2024-05-22,81,0.019261589778961835
2024-05-22,82,0.018773203311923482
2024-05-22,83,0.017383349022869286
2024-05-22,84,0.017114740700152165
2024-05-22,85,0.013741407948133985
2024-05-22,86,0.01254686751313676
2024-05-22,87,0.013322551708394395
2024-05-22,88,0.011080857688767829
2024-05-22,89,0.010820205961439967
2024-05-22,90,0.015194008695130861
2024-05-22,91,0.015887818536431522
2024-05-22,92,0.014670546037391393
2024-05-22,93,0.014515493110360727
2024-05-22,94,0.014790185833269302
2024-05-22,95,0.015597668549912212
2024-05-22,96,0.01722027400320284
2024-05-22,97,0.016855753151936995
2024-05-22,98,0.018236660931367246
2024-05-22,99,0.01779350900875284
2024-05-22,100,0.017479167174478002
2024-05-22,101,0.01816957288786875
2024-05-22,102,0.017041436469716967
2024-05-22,103,0.016686736966339304
2024-05-22,104,0.015924321512868937
2024-05-22,105,0.01736349366293086
2024-05-22,106,0.015332328600647819
2024-05-22,107,0.01588589729023435
2024-05-22,108,0.01518920223909923
2024-05-22,109,0.015097875184837833
2024-05-22,110,0.017651885214529726
2024-05-22,111,0.018754046040301564
2024-05-22,112,0.02031416102038153
2024-05-22,113,0.021275338558282748
2024-05-22,114,0.019902833238956717
2024-05-22,115,0.020384834970160484
2024-05-22,116,0.02028795587791729
2024-05-22,117,0.019790693156356842
2024-05-22,118,0.02059147262956218
2024-05-22,119,0.020634496849814374
2024-05-22,120,0.02146115840289584
2024-05-22,121,0.022950290876742573
2024-05-22,122,0.022425529273432325
2024-05-22,123,0.022870735645767686
2024-05-22,124,0.0234660062849857
2024-05-22,125,0.023941815331360247
2024-05-22,126,0.02418554164297423
2024-05-22,127,0.02346495757752923
2024-05-22,128,0.02416096208910343
2024-05-22,129,0.024108561798508024
2024-05-22,130,0.023687163648120346
2024-05-22,131,0.023760744822962726
2024-05-22,132,0.023551043265636628
2024-05-22,133,0.02378933708303981
2024-05-22,134,0.023512910984749714
2024-05-22,135,0.022793272912744494
2024-05-22,136,0.02412285305916405
2024-05-22,137,0.022931213460587064
2024-05-22,138,0.02334129772434393
2024-05-22,139,0.02357487520281682
2024-05-22,140,0.023770275667157302
2024-05-22,141,0.023913227430710848
2024-05-22,142,0.02378933708303981
2024-05-22,143,0.024147433549744354
2024-05-22,144,0.023436642060486092
2024-05-22,145,0.024232412606078266
2024-05-22,146,0.024446733531050518
2024-05-22,147,0.022627165716548478
2024-05-22,148,0.021533566247467266
2024-05-22,149,0.02160635090739698
2024-05-22,150,0.02270292394288781
2024-05-22,151,0.023503282353892
2024-05-22,152,0.02378933708303981
2024-05-22,153,0.02296946331330378
2024-05-22,154,0.022872643519141405
2024-05-22,155,0.022448529142544166
2024-05-22,156,0.02253842397138088
2024-05-22,157,0.021117197305326366
2024-05-22,158,0.021437276037872027
2024-05-22,159,0.022024616714726976
2024-05-22,160,0.022144907359982976
2024-05-22,161,0.020840031467586388
2024-05-22,162,0.020873486593512028
2024-05-22,163,0.020582007052686004
2024-05-22,164,0.021136309359299343
2024-05-22,165,0.021239794787797712
2024-05-22,166,0.021833744957767708
2024-05-22,167,0.02169040009150078
2024-05-22,168,0.022208006428261762
2024-05-22,169,0.023350832567042915
2024-05-22,170,0.023055305536685364
2024-05-22,171,0.023284086758893416
2024-05-22,172,0.023694026370043524
2024-05-22,173,0.023639504557778152
2024-05-22,174,0.02402280994526241
2024-05-22,175,0.02360823896072299
2024-05-22,176,0.023537411142214523
2024-05-22,177,0.02439911062823521
2024-05-22,178,0.025294041949626932
2024-05-22,179,0.025997999360737496
2024-05-22,180,0.025394909505853453
2024-05-22,181,0.025313074342760575
2024-05-22,182,0.026311766614568098
2024-05-22,183,0.02625472534519395
2024-05-22,184,0.026977007789018036
2024-05-22,185,0.027700667601734535
2024-05-22,186,0.028012003062510355
2024-05-22,187,0.02755531289255328
2024-05-22,188,0.02773199537233427
2024-05-22,189,0.026444850257834104
2024-05-22,190,0.02730946249512693
2024-05-22,191,0.027128905809216335
2024-05-22,192,0.02772724880351032
2024-05-22,193,0.02665394591986091
2024-05-22,194,0.02624036944659054
2024-05-22,195,0.026596924166046518
2024-05-22,196,0.025836323254687342
2024-05-22,197,0.025455805746290576
2024-05-22,198,0.026968647503263637
2024-05-22,199,0.026045546182479045
2024-05-22,200,0.026920004454307648
2024-05-22,201,0.027356947003314952
2024-05-22,202,0.027831668113583174
2024-05-22,203,0.027670288220218244
2024-05-22,204,0.028628692597858326
2024-05-22,205,0.028761468273549768
2024-05-22,206,0.029226044356237785
2024-05-22,207,0.029026966748493158
2024-05-22,208,0.02912651050635231
2024-05-22,209,0.02790760258217334
2024-05-22,210,0.02823974810292323
2024-05-22,211,0.028189933307207024
2024-05-22,212,0.028884744188910957
2024-05-22,213,0.028259578445330686
2024-05-22,214,0.027461404985186743
2024-05-22,215,0.028617690393813573
2024-05-22,216,0.028981362917498043
2024-05-22,217,0.029150209940647976
2024-05-22,218,0.02896277947104373
2024-05-22,219,0.028619207946395508
2024-05-22,220,0.028144860639383495
2024-05-22,221,0.02817332782383847
2024-05-22,222,0.028869098472411606
2024-05-22,223,0.029521269832691644
2024-05-22,224,0.029534062545962386
2024-05-22,225,0.030485949698455965
2024-05-22,226,0.0308692900170635
2024-05-22,227,0.030571149136191453
2024-05-22,228,0.03014034421077772
2024-05-22,229,0.030085225662794663
2024-05-22,230,0.030230307822924674
2024-05-22,231,0.031148326132193357
2024-05-22,232,0.031161192654231583
2024-05-22,233,0.030400743001158206
2024-05-22,234,0.03077938387428392
2024-05-22,235,0.030874021695413575
2024-05-22,236,0.03129032174021735
2024-05-22,237,0.031829456520938874
2024-05-22,238,0.03332202647178986
2024-05-22,239,0.03351071819354542
2024-05-22,240,0.03353440833517716
2024-05-22,241,0.03341642397976596
2024-05-22,242,0.035183598627410044
2024-05-22,243,0.036470844535282376
2024-05-22,244,0.0359199893497625
2024-05-22,245,0.0359060540123641
2024-05-22,246,0.03483150685372954
2024-05-22,247,0.03313792569733865
2024-05-22,248,0.031432202607820287
2024-05-22,249,0.030580615292316815
2024-05-22,250,0.03286879435253617
2024-05-22,251,0.03157396878097513
2024-05-22,252,0.032046787191637456
2024-05-22,253,0.0297851456392039
2024-05-22,254,0.029775671950007174
2024-05-22,255,0.02972830215771475
2024-05-22,256,0.029923735451615772
2024-05-22,257,0.03015454952972296
2024-05-22,258,0.030769919599554902
2024-05-22,259,0.028173612491590904
2024-05-22,260,0.02699600817852655
2024-05-22,261,0.025037069182567387
2024-05-22,262,0.02367496313729998
2024-05-22,263,0.024856196901703192
2024-05-22,264,0.024770509138339385
2024-05-22,265,0.025512892603960086
2024-05-22,266,0.02232531620126913
2024-05-22,267,0.023061886469691012
2024-05-22,268,0.023190825868924306
2024-05-22,269,0.021967998728533302
2024-05-22,270,0.02190049215079369
2024-05-22,271,0.022120086665632248
2024-05-22,272,0.02139428634345047
2024-05-22,273,0.0194243322776099
2024-05-22,274,0.01807947614883085
2024-05-22,275,0.016634903451737078
2024-05-22,276,0.015318968443836154
2024-05-22,277,0.018361241072495527
2024-05-22,278,0.01975940268117977
2024-05-22,279,0.02084959018920301
2024-05-22,280,0.01950090781941932
2024-05-22,281,0.016145232145812014
2024-05-22,282,0.018575865834501475
2024-05-22,283,0.018035383296945942
2024-05-22,284,0.018848296277816902
2024-05-22,285,0.020725319680824566
2024-05-22,286,0.02070619977030499
2024-05-22,287,0.019730599268250833
2024-05-22,288,0.019730599268250833
2024-05-22,289,0.01925680283391847
2024-05-22,290,0.019070094101391554
2024-05-22,291,0.019433904541019495
2024-05-22,292,0.01657730750647583
2024-05-22,293,0.015174782732390228
2024-05-22,294,0.012239067014205829
2024-05-22,295,0.01397242596856685
2024-05-22,296,0.01579376920292355
2024-05-22,297,0.015422000429207446
2024-05-22,298,0.01474690942443533
2024-05-22,299,0.014947888452613705
2024-05-22,300,0.013125098849622657
2024-05-22,301,0.011437936785580907
2024-05-22,302,0.009888061648245832
2024-05-22,303,0.011138771069670756
2024-05-22,304,0.012527686974192822
2024-05-22,305,0.013640513336321146
2024-05-22,306,0.014030268376509444
2024-05-22,307,0.014953657589079659
2024-05-22,308,0.016039585323041967
2024-05-22,309,0.01751762613266026
2024-05-22,310,0.016025178073313575
2024-05-22,311,0.016970813699678115
2024-05-22,312,0.015835943593458343
2024-05-22,313,0.013668529941215923
2024-05-22,314,0.01291315484058299
2024-05-22,315,0.012296334913163707
2024-05-22,316,0.00927420737343736
2024-05-22,317,0.01049188118735236
2024-05-22,318,0.010192528878604156
2024-05-22,319,0.00998508380261547
2024-05-22,320,0.008974393545905438
2024-05-22,321,0.00565108520339126
2024-05-22,322,0.007335435354842817
2024-05-22,323,0.00850031086281278
2024-05-22,324,0.007923465239752096
2024-05-22,325,0.008161542717329126
2024-05-22,326,0.007960841054738222
2024-05-22,327,0.009054384929705964
2024-05-22,328,0.009776919127177357
2024-05-22,329,0.009051773461987104
2024-05-22,330,0.010878134439095641
2024-05-22,331,0.014010923783820722
2024-05-22,332,0.012151712690260793
2024-05-22,333,0.010034267733472073
2024-05-22,334,0.008214785312385774
2024-05-22,335,0.005588000303226268
2024-05-22,336,0.005301641882453162
2024-05-22,337,0.00354286577015244
2024-05-22,338,0.004448098684454893
2024-05-22,339,0.002508213489764231
2024-05-22,340,0.0011328916976683396
2024-05-22,341,-0.0005266940522884053
2024-05-22,342,-8.159745170608727e-05
2024-05-22,343,0.0004112044787309665
2024-05-22,344,0.0021911716818944346
2024-05-22,345,-0.0014246170052611266
2024-05-22,346,0.001919327619557611
2024-05-22,347,0.0015164417431013254
2024-05-22,348,0.0026769174296933417
2024-05-22,349,0.0026866513529024763
2024-05-22,350,0.0020001775373150476
2024-05-22,351,0.003888063034367077
2024-05-22,352,0.003931811925460981
2024-05-22,353,0.0027353195477603995
2024-05-22,354,0.0025601029601416067
2024-05-22,355,0.0008647579314394916
2024-05-22,356,0.002491954884081606
2024-05-22,357,0.0025567930180393265
2024-05-22,358,0.0020992341280756466
2024-05-22,359,0.0008400860130984783
2024-05-22,360,0.0036759996200969405
2024-05-22,361,0.003795697978432584
2024-05-22,362,0.004884091151256371
2024-05-22,363,0.0064950694409119545
2024-05-22,364,0.007731625924780781
2024-05-22,365,0.009438583253097408
2024-05-22,366,0.008521988117141764
2024-05-22,367,0.007793607314888197
2024-05-22,368,0.009834908070635145
2024-05-22,369,0.011466883557294586
2024-05-22,370,0.011635723027539685
2024-05-22,371,0.01011514056880891
2024-05-22,372,0.011534422766243
2024-05-22,373,0.012440936223503648
2024-05-22,374,0.012363818126739793
2024-05-22,375,0.011643633663592386
2024-05-22,376,0.012990230586810538
2024-05-22,377,0.011737013028132614
2024-05-22,378,0.010037842895430565
2024-05-22,379,0.009670597329658689
2024-05-22,380,0.015280520953491
2024-05-22,381,0.01397242596856685
2024-05-22,382,0.016846060207618162
2024-05-22,383,0.015278117936262737
2024-05-22,384,0.016007985150323617
2024-05-22,385,0.011283539850053707
2024-05-22,386,0.011563366745173739
2024-05-22,387,0.013442930661483686
2024-05-22,388,0.012864979482269116
2024-05-22,389,0.013211790271560995
2024-08-28,0,0.0
2024-08-28,1,0.009081937709290031
2024-08-28,2,0.01929479383177785
2024-08-28,3,0.02661785340896667
2024-08-28,4,0.032034853355332855
2024-08-28,5,0.028399807549699986
2024-08-28,6,0.029047004401026276
2024-08-28,7,0.023776365806018596
2024-08-28,8,0.0273877231769297
2024-08-28,9,0.02055981613836455
2024-08-28,10,0.020274305786674888
2024-08-28,11,0.015285132553655024
2024-08-28,12,0.012493440125564708
2024-08-28,13,0.01627349276763099
2024-08-28,14,0.015121130913270999
2024-08-28,15,0.018109935365444984
2024-08-28,16,0.022556109400789066
2024-08-28,17,0.026050201445461475
2024-08-28,18,0.025725684162068267
2024-08-28,19,0.029773792390004578
2024-08-28,20,0.024507805555805562
2024-08-28,21,0.026698920248620448
2024-08-28,22,0.02076370220753566
2024-08-28,23,0.022352588488313
2024-08-28,24,0.023045204263609276
2024-08-28,25,0.026212420603899597
2024-08-28,26,0.024020238505678623
2024-08-28,27,0.024775053942838236
2024-08-28,28,0.023212792394206004
2024-08-28,29,0.024832718238381114
2024-08-28,30,0.024182787270665952
2024-08-28,31,0.024020238505678623
2024-08-28,32,0.017877702032049025
2024-08-28,33,0.015695019020844046
2024-08-28,34,0.015121130913270999
2024-08-28,35,0.008786528677032189
2024-08-28,36,0.013397487855106095
2024-08-28,37,0.014546913269012139
2024-08-28,38,0.016637120796547934
2024-08-28,39,0.01027094260621149
2024-08-28,40,0.010189357077955565
2024-08-28,41,0.011958845684951735
2024-08-28,42,0.011094665881782567
2024-08-28,43,0.007217253112369391
2024-08-28,44,0.006224861367013455
2024-08-28,45,0.006291051464999024
2024-08-28,46,0.0013145963670065756
2024-08-28,47,-0.0017499275329303048
2024-08-28,48,-0.00408793794998797
2024-08-28,49,-0.004338763585682774
2024-08-28,50,-0.0015831357720566758
2024-08-28,51,-0.0031679466254339174
2024-08-28,52,-0.004004343383586084
2024-08-28,53,0.0010817558783200254
2024-08-28,54,0.0015806334142342774
2024-08-28,55,-0.0014997503227692339
2024-08-28,56,0.003324747472901654
2024-08-28,57,0.006443272066034886
2024-08-28,58,0.007547831627776465
2024-08-28,59,0.005231483801881094
2024-08-28,60,0.007299907986987584
2024-08-28,61,0.009889328803810086
2024-08-28,62,0.008043494587119067
2024-08-28,63,0.007795693817668499
2024-08-28,64,0.008541388456837396
2024-08-28,65,0.010188532947752977
2024-08-28,66,0.006477187630345606
2024-08-28,67,0.005562719313356185
2024-08-28,68,0.005231483801881094
2024-08-28,69,0.008869053950444121
2024-08-28,70,0.010023693253981298
2024-08-28,71,0.008416731829958715
2024-08-28,72,0.008662727995970352
2024-08-28,73,0.012112673678412563
2024-08-28,74,0.011094665881782567
2024-08-28,75,0.009044810083898455
2024-08-28,76,0.012244272430717214
2024-08-28,77,0.014218640799917201
2024-08-28,78,0.017701037747709626
2024-08-28,79,0.01712830004591367
2024-08-28,80,0.014793046920826945
2024-08-28,81,0.014669987667641342
2024-08-28,82,0.01888638051182683
2024-08-28,83,0.01704645358981962
2024-08-28,84,0.020111120407722644
2024-08-28,85,0.01766013878858259
2024-08-28,86,0.01896807652102213
2024-08-28,87,0.017373799228816246
2024-08-28,88,0.01911592932688024
2024-08-28,89,0.017291972864315837
2024-08-28,90,0.016678061616598124
2024-08-28,91,0.017169220762031978
2024-08-28,92,0.019458112466797114
2024-08-28,93,0.01872868834050777
2024-08-28,94,0.016722275819681283
2024-08-28,95,0.016678061616598124
2024-08-28,96,0.015776976157307485
2024-08-28,97,0.014502602777182924
2024-08-28,98,0.018395246853538393
2024-08-28,99,0.01900892202291698
2024-08-28,100,0.01872296846799555
2024-08-28,101,0.018150815932872797
2024-08-28,102,0.018559529716303758
2024-08-28,103,0.01797419989567751
2024-08-28,104,0.01749652622277255
2024-08-28,105,0.018534194318542887
2024-08-28,106,0.018477800322281593
2024-08-28,107,0.015490096788113887
2024-08-28,108,0.015121130913270999
2024-08-28,109,0.013436097148367689
2024-08-28,110,0.010188532947752977
2024-08-28,111,0.007258581403656914
2024-08-28,112,0.008703996592637644
2024-08-28,113,0.008703996592637644
2024-08-28,114,0.010147325571626757
2024-08-28,115,0.008951572413997064
2024-08-28,116,0.005315131123290071
2024-08-28,117,0.007960901153249975
2024-08-28,118,0.007382556030342112
2024-08-28,119,0.007299907986987584
2024-08-28,120,0.00977638275439041
2024-08-28,121,0.007382556030342112
2024-08-28,122,0.008703996592637644
2024-08-28,123,0.009240333425017018
2024-08-28,124,0.008704821947199551
2024-08-28,125,0.010351697483067208
2024-08-28,126,0.00998247908454417
2024-08-28,127,0.009322821258108545
2024-08-28,128,0.010653234583065442
2024-08-28,129,0.012123366723450614
2024-08-28,130,0.013040075761323848
2024-08-28,131,0.01180252562342188
2024-08-28,132,0.013372842845924588
2024-08-28,133,0.012497551283040727
2024-08-28,134,0.011404210392802866
2024-08-28,135,0.012493440125564708
2024-08-28,136,0.012411213426509303
2024-08-28,137,0.01154742463084758
2024-08-28,138,0.010765257989484888
2024-08-28,139,0.011876575014399458
2024-08-28,140,0.010188532947752977
2024-08-28,141,0.008992829092427799
2024-08-28,142,0.008621457696135922
2024-08-28,143,0.007380903136414071
2024-08-28,144,0.00829123396656025
2024-08-28,145,0.01027094260621149
2024-08-28,146,0.009698055010457184
2024-08-28,147,0.01027094260621149
2024-08-28,148,0.008786528677032189
2024-08-28,149,0.008332517896796116
2024-08-28,150,0.010476937045089967
2024-08-28,151,0.010929975499328604
2024-08-28,152,0.010379712957498573
2024-08-28,153,0.01025446121781889
2024-08-28,154,0.01035334547387782
2024-08-28,155,0.01237585386706921
2024-08-28,156,0.013064728972816774
2024-08-28,157,0.0121644927541774
2024-08-28,158,0.013027748927655715
2024-08-28,159,0.013151010427082672
2024-08-28,160,0.01268006964226332
2024-08-28,161,0.012041109587597574
2024-08-28,162,0.01154742463084758
2024-08-28,163,0.011884802386042148
2024-08-28,164,0.012041109587597574
2024-08-28,165,0.011589397331315534
2024-08-28,166,0.010147325571626757
2024-08-28,167,0.00985882638360557
2024-08-28,168,0.009941263216429049
2024-08-28,169,0.009446540251193722
2024-08-28,170,0.010847620135889108
2024-08-28,171,0.01035334547387782
2024-08-28,172,0.011341650611149025
2024-08-28,173,0.011344120150411356
2024-08-28,174,0.010291543959721178
2024-08-28,175,0.010064905724880887
2024-08-28,176,0.009034084068815241
2024-08-28,177,0.008892985005899579
2024-08-28,178,0.009570243939783086
2024-08-28,179,0.00977638275439041
2024-08-28,180,0.010435741551871254
2024-08-28,181,0.010600513343313451
2024-08-28,182,0.011341650611149025
2024-08-28,183,0.011629722384165273
2024-08-28,184,0.011335888329153639
2024-08-28,185,0.010641702049375918
2024-08-28,186,0.01102632266541717
2024-08-28,187,0.01035334547387782
2024-08-28,188,0.00977638275439041
2024-08-28,189,0.009529011077185694
2024-08-28,190,0.00948777651436924
2024-08-28,191,0.007962553088781568
2024-08-28,192,0.00837545137633014
2024-08-28,193,0.008456359462311972
2024-08-28,194,0.00787830089714231
2024-08-28,195,0.006886565278667973
2024-08-28,196,0.007221386018360213
2024-08-28,197,0.009477879966285177
2024-08-28,198,0.010173698487961881
2024-08-28,199,0.007217253112369391
2024-08-28,200,0.0066384776197563455
2024-08-28,201,0.006886565278667973
2024-08-28,202,0.002411543308321707
2024-08-28,203,0.0034035759980814576
2024-08-28,204,0.0022869508293931968
2024-08-28,205,0.003739564751841132
2024-08-28,206,0.0039054434948606553
2024-08-28,207,0.004900138537086962
2024-08-28,208,0.0047775129575687025
2024-08-28,209,0.004366441879580905
2024-08-28,210,0.0033662369449539166
2024-08-28,211,0.0015806334142342774
2024-08-28,212,0.002186434916850569
2024-08-28,213,0.0034077246957015255
2024-08-28,214,0.0048172850634075545
2024-08-28,215,0.005231483801881094
2024-08-28,216,0.006306770969470871
2024-08-28,217,0.0058102462186835025
2024-08-28,218,0.007134591405357945
2024-08-28,219,0.006721180344858403
2024-08-28,220,0.007382556030342112
2024-08-28,221,0.005272894241458892
2024-08-28,222,0.005438518853654856
2024-08-28,223,0.00552132087407159
2024-08-28,224,0.006348964207059582
2024-08-28,225,0.005580106146804394
2024-08-28,226,0.006266230691665195
2024-08-28,227,0.005145344594242315
2024-08-28,228,0.005658757092705518
2024-08-28,229,0.005580106146804394
2024-08-28,230,0.006100743123541014
2024-08-28,231,0.0072866836661389075
2024-08-28,232,0.007199068123085536
2024-08-28,233,0.0074238774906484626
2024-08-28,234,0.006886565278667973
2024-08-28,235,0.004875283215768521
2024-08-28,236,0.006332418051558365
2024-08-28,237,0.005026062671276404
2024-08-28,238,0.005149486072095523
2024-08-28,239,0.004278570092751062
2024-08-28,240,0.005229827348629295
2024-08-28,241,0.005893845144196112
2024-08-28,242,0.005811073965073502
2024-08-28,243,0.005149486072095523
2024-08-28,244,0.0053399755145871934
2024-08-28,245,0.006142117583093102
2024-08-28,246,0.005234796700153644
2024-08-28,247,0.004485802504641904
2024-08-28,248,0.003952713898579493
2024-08-28,249,0.0035736584884991226
2024-08-28,250,0.0036566150607810397
2024-08-28,251,0.003449210725287079
2024-08-28,252,0.005313474808590249
2024-08-28,253,0.005148657777897116
2024-08-28,254,0.004278570092751062
2024-08-28,255,0.004485802504641904
2024-08-28,256,0.0038225075628204523
2024-08-28,257,0.003988372549102227
2024-08-28,258,0.0022977494586319982
2024-08-28,259,0.0032342944567503988
2024-08-28,260,0.0038225075628204523
2024-08-28,261,0.0045686834462167515
2024-08-28,262,0.004808999338468793
2024-08-28,263,0.005479920720884825
2024-08-28,264,0.006969247489637305
2024-08-28,265,0.006803876230785336
2024-08-28,266,0.007630459184113626
2024-08-28,267,0.007626327968441258
2024-08-28,268,0.007134591405357945
2024-08-28,269,0.007299907986987584
2024-08-28,270,0.002743714047134197
2024-08-28,271,0.0017468706351308145
2024-08-28,272,0.0019546283073300034
2024-08-28,273,0.0023284833805361847
2024-08-28,274,0.002951264742136209
2024-08-28,275,0.0021648351374996253
2024-08-28,276,0.0011649194194716659
2024-08-28,277,-8.326048046108909e-05
2024-08-28,278,0.0006658343982984636
2024-08-28,279,0.0008031076117264463
2024-08-28,280,-0.0005829689942324675
2024-08-28,281,0.0002497398556163846
2024-08-28,282,0.00020812087735645065
2024-08-28,283,0.0
2024-08-28,284,0.0028267394944813946
2024-08-28,285,3.8297493267242166e-05
2024-08-28,286,-0.0015005841428450512
2024-08-28,287,-0.0011246018220897875
2024-08-28,288,-0.0025843038850499617
2024-08-28,289,-0.002500834914591232
2024-08-28,290,-0.002083594536359742
2024-08-28,291,-0.0009145801190751028
2024-08-28,292,-0.0009995835901013984
2024-08-28,293,-0.002000167347390466
2024-08-28,294,-0.0005004998857393735
2024-08-28,295,-0.0015839696616638825
2024-08-28,296,-0.0034193770024714314
2024-08-28,297,-0.004673295662065208
2024-08-28,298,-0.008108717365857531
2024-08-28,299,-0.007479403926028557
2024-08-28,300,-0.008843417274006839
2024-08-28,301,-0.009872904827244889
2024-08-28,302,-0.010293408596949907
2024-08-28,303,-0.010840327982046202
2024-08-28,304,-0.0130731770549845
2024-08-28,305,-0.011808687950776582
2024-08-28,306,-0.010125185869662759
2024-08-28,307,-0.011892937497985118
2024-08-28,308,-0.016706932690676957
2024-08-28,309,-0.017723365100734113
2024-08-28,310,-0.01662227660597041
2024-08-28,311,-0.016960097141813478
2024-08-28,312,-0.019080217412024113
2024-08-28,313,-0.022466800814797457
2024-08-28,314,-0.02316015157497882
2024-08-28,315,-0.022650738930359064
2024-08-28,316,-0.024270172482662035
2024-08-28,317,-0.027388567115467846
2024-08-28,318,-0.023460127885917583
2024-08-28,319,-0.019070034164484488
2024-08-28,320,-0.022955673852966024
2024-08-28,321,-0.021910083288588258
2024-08-28,322,-0.019759334585832757
2024-08-28,323,-0.0195046115957058
2024-08-28,324,-0.016368351343274554
2024-08-28,325,-0.016410667743001536
2024-08-28,326,-0.019929185966283715
2024-08-28,327,-0.02069387439302735
2024-08-28,328,-0.017977634712647825
2024-08-28,329,-0.01967441971294185
2024-08-28,330,-0.019759334585832757
2024-08-28,331,-0.01906324539040139
2024-08-28,332,-0.017808114454571148
2024-08-28,333,-0.015405713947200687
2024-08-28,334,-0.015606962194356628
2024-08-28,335,-0.014792917297475911
2024-08-28,336,-0.0171303206473806
2024-08-28,337,-0.018401561125372435
2024-08-28,338,-0.019160838448642095
2024-08-28,339,-0.019080217412024113
2024-08-28,340,-0.018189575454809984
2024-08-28,341,-0.02043891327321682
2024-08-28,342,-0.022565578189409134
2024-08-28,343,-0.021884553220549247
2024-08-28,344,-0.021413215079462408
2024-08-28,345,-0.02086388459404903
2024-08-28,346,-0.017723365100734113
2024-08-28,347,-0.017892870991469696
2024-08-28,348,-0.019334832308370943
2024-08-28,349,-0.020778875880604696
2024-08-28,350,-0.019080217412024113
2024-08-28,351,-0.021033923703453722
2024-08-28,352,-0.021884553220549247
2024-08-28,353,-0.01874083169690501
2024-08-28,354,-0.01861359174338802
2024-08-28,355,-0.017639470314915324
2024-08-28,356,-0.019844256669871753
2024-08-28,357,-0.017469160125421282
2024-08-28,358,-0.016960943953208695
2024-08-28,359,-0.01830573803676846
2024-08-28,360,-0.01857118202307359
2024-08-28,361,-0.017638622928741514
2024-08-28,362,-0.015353294582122453
2024-08-28,363,-0.014001486333008439
2024-08-28,364,-0.01594528580411336
2024-08-28,365,-0.015437843303373429
2024-08-28,366,-0.01463491892529092
2024-08-28,367,-0.012482883155818315
2024-08-28,368,-0.011471760723869615
2024-08-28,369,-0.011892937497985118
2024-08-28,370,-0.011808687950776582
2024-08-28,371,-0.011977194143777804
2024-08-28,372,-0.011724445500956417
2024-08-28,373,-0.009788825287951325
2024-08-28,374,-0.010966582637854423
2024-08-28,375,-0.009704752817432242
2024-08-28,376,-0.012904486096419789
2024-08-28,377,-0.012503959081842627
2024-08-28,378,-0.01577610969137689
2024-08-28,379,-0.017257371997471956
2024-08-28,380,-0.01721501975385557
2024-08-28,381,-0.02031825433933857
2024-08-28,382,-0.0192499534728577
2024-08-28,383,-0.020524742925204814
2024-08-28,384,-0.0215442145803204
2024-08-28,385,-0.018336264749764467
2024-08-28,386,-0.020778875880604696
2024-08-28,387,-0.021373238129996006
2024-08-28,388,-0.020948900534588984
2024-08-28,389,-0.02086388459404903
2024-11-20,0,0.0
2024-11-20,1,0.012863822746159935
2024-11-20,2,0.0018904537742938123
2024-11-20,3,0.0008952602576482557
2024-11-20,4,-0.015287390663988336
2024-11-20,5,-0.017985695111211727
2024-11-20,6,-0.019341305576801877
2024-11-20,7,-0.028232682624119078
2024-11-20,8,-0.03358908869227675
2024-11-20,9,-0.038191120204349956
2024-11-20,10,-0.026063917236450202
2024-11-20,11,-0.022866773229587623
2024-11-20,12,-0.02514502710108593
2024-11-20,13,-0.023554462931966596
2024-11-20,14,-0.024974828819677677
2024-11-20,15,-0.02528120658585714
2024-11-20,16,-0.022119820422644845
2024-11-20,17,-0.01582687412167458
2024-11-20,18,-0.01616419913752299
2024-11-20,19,-0.01447803716248356
2024-11-20,20,-0.014748198091782468
2024-11-20,21,-0.023002642795014135
2024-11-20,22,-0.029043680814615662
2024-11-20,23,-0.0287258988616145
2024-11-20,24,-0.029683651518143006
2024-11-20,25,-0.02660992933385595
2024-11-20,26,-0.03266257489128965
2024-11-20,27,-0.033760759565301224
2024-11-20,28,-0.03173691872357832
2024-11-20,29,-0.03331447658015684
2024-11-20,30,-0.036063997146526215
2024-11-20,31,-0.041205219243354664
2024-11-20,32,-0.04474001638106255
2024-11-20,33,-0.03797514215522315
2024-11-20,34,-0.04310968492398286
2024-11-20,35,-0.04477473317878856
2024-11-20,36,-0.04706871075839411
2024-11-20,37,-0.05163755644252536
2024-11-20,38,-0.04404593341028632
2024-11-20,39,-0.04499069872791484
2024-11-20,40,-0.04713830744561989
2024-11-20,41,-0.04922846357478326
2024-11-20,42,-0.042070435861035635
2024-11-20,43,-0.03813111012677775
2024-11-20,44,-0.04006427836207125
2024-11-20,45,-0.03675118254354316
2024-11-20,46,-0.03640821937979679
2024-11-20,47,-0.0406406711203471
2024-11-20,48,-0.04193195088643392
2024-11-20,49,-0.04425410772232809
2024-11-20,50,-0.042971055964171084
2024-11-20,51,-0.04404593341028632
2024-11-20,52,-0.04957655037398462
2024-11-20,53,-0.05468340401931382
2024-11-20,54,-0.05515686811941432
2024-11-20,55,-0.056648868641929764
2024-11-20,56,-0.05879422617428912
2024-11-20,57,-0.05707616621620848
2024-11-20,58,-0.06283434492834473
2024-11-20,59,-0.06457824882420338
2024-11-20,60,-0.0670314176771278
2024-11-20,61,-0.06348782785991008
2024-11-20,62,-0.06249786879164832
2024-11-20,63,-0.05594647344553082
2024-11-20,64,-0.05904070938826957
2024-11-20,65,-0.05615714020660627
2024-11-20,66,-0.05419264087278636
2024-11-20,67,-0.05974457727336127
2024-11-20,68,-0.058618203924622296
2024-11-20,69,-0.05629690697893407
2024-11-20,70,-0.057140838993069126
2024-11-20,71,-0.05619225564862544
2024-11-20,72,-0.054473047464178505
2024-11-20,73,-0.05300668987334007
2024-11-20,74,-0.050177442098607826
2024-11-20,75,-0.04741674264162737
2024-11-20,76,-0.047973845720102895
2024-11-20,77,-0.04762561992698197
2024-11-20,78,-0.04775932429012172
2024-11-20,79,-0.04783454085117236
2024-11-20,80,-0.04943771967013058
2024-11-20,81,-0.04779971766589214
2024-11-20,82,-0.050002929946883795
2024-11-20,83,-0.04901925125838853
2024-11-20,84,-0.04421940899403306
2024-11-20,85,-0.043387000510895946
2024-11-20,86,-0.04207182080763562
2024-11-20,87,-0.04366439302307673
2024-11-20,88,-0.04366439302307673
2024-11-20,89,-0.04247215077352396
2024-11-20,90,-0.04054815491386879
2024-11-20,91,-0.042856008520834994
2024-11-20,92,-0.04567779322418327
2024-11-20,93,-0.04455187230380037
2024-11-20,94,-0.04442761942612784
2024-11-20,95,-0.043873181637156394
2024-11-20,96,-0.042936401726820804
2024-11-20,97,-0.04304314062486388
2024-11-20,98,-0.04475184773034457
2024-11-20,99,-0.04609973225226059
2024-11-20,100,-0.04713830744561989
2024-11-20,101,-0.04546932235723182
2024-11-20,102,-0.04539984172493001
2024-11-20,103,-0.04539984172493001
2024-11-20,104,-0.046651232322049575
2024-11-20,105,-0.04651211156500817
2024-11-20,106,-0.04819468370011692
2024-11-20,107,-0.051044171513655284
2024-11-20,108,-0.05067367673262694
2024-11-20,109,-0.051882281739602076
2024-11-20,110,-0.04943771967013058
2024-11-20,111,-0.046988680555648775
2024-11-20,112,-0.047973845720102895
2024-11-20,113,-0.047730074933083164
2024-11-20,114,-0.047207908976881784
2024-11-20,115,-0.04411601392310999
2024-11-20,116,-0.04213968554078353
2024-11-20,117,-0.042589925387688354
2024-11-20,118,-0.04074315421954232
2024-11-20,119,-0.03799316957893495
2024-11-20,120,-0.037028118149518535
2024-11-20,121,-0.03792351683233012
2024-11-20,122,-0.03720038047100696
2024-11-20,123,-0.035582284994624486
2024-11-20,124,-0.03640821937979679
2024-11-20,125,-0.03668368250391299
2024-11-20,126,-0.04117910826173228
2024-11-20,127,-0.03985697434999624
2024-11-20,128,-0.04110144353715428
2024-11-20,129,-0.042589925387688354
2024-11-20,130,-0.04096309267915841
2024-11-20,131,-0.039037853001724465
2024-11-20,132,-0.03831460054267763
2024-11-20,133,-0.039615173972300466
2024-11-20,134,-0.03882109842435146
2024-11-20,135,-0.03857954836192688
2024-11-20,136,-0.04110144353715428
2024-11-20,137,-0.044685860583150355
2024-11-20,138,-0.04512266205063733
2024-11-20,139,-0.044314486379809656
2024-11-20,140,-0.045886307560299065
2024-11-20,141,-0.04570211765651281
2024-11-20,142,-0.045052510958352554
2024-11-20,143,-0.046338237831675136
2024-11-20,144,-0.048531259335427665
2024-11-20,145,-0.04901925125838853
2024-11-20,146,-0.04839187679983358
2024-11-20,147,-0.049542364140637785
2024-11-20,148,-0.0494725999435954
2024-11-20,149,-0.047572003928233596
2024-11-20,150,-0.04886585670638337
2024-11-20,151,-0.04964771730232439
2024-11-20,152,-0.04741604645696296
2024-11-20,153,-0.047236447005024294
2024-11-20,154,-0.05041482750889816
2024-11-20,155,-0.04943771967013058
2024-11-20,156,-0.04933169110928525
2024-11-20,157,-0.047347126574210786
2024-11-20,158,-0.04498305927933018
2024-11-20,159,-0.04575215834933675
2024-11-20,160,-0.045260894941324625
2024-11-20,161,-0.04463587321883494
2024-11-20,162,-0.0468599497541914
2024-11-20,163,-0.048531259335427665
2024-11-20,164,-0.048531259335427665
2024-11-20,165,-0.04581679795056766
2024-11-20,166,-0.046025341276199186
2024-11-20,167,-0.044081319986080225
2024-11-20,168,-0.04421940899403306
2024-11-20,169,-0.04408062611961688
2024-11-20,170,-0.044079932253634976
2024-11-20,171,-0.0443582111318087
2024-11-20,172,-0.0427520613702447
2024-11-20,173,-0.04304036804182835
2024-11-20,174,-0.04193264326360365
2024-11-20,175,-0.042624567620037204
2024-11-20,176,-0.04255528435538219
2024-11-20,177,-0.042549741901571556
2024-11-20,178,-0.04313741302225297
2024-11-20,179,-0.042971055964171084
2024-11-20,180,-0.042105060101469756
2024-11-20,181,-0.0410322657155363
2024-11-20,182,-0.0404783239842007
2024-11-20,183,-0.04054815491386879
2024-11-20,184,-0.0397878825615277
2024-11-20,185,-0.03940796303082129
2024-11-20,186,-0.04137820268927033
2024-11-20,187,-0.040755602274845065
2024-11-20,188,-0.04030618737090569
2024-11-20,189,-0.04165503845821944
2024-11-20,190,-0.04156436630409484
2024-11-20,191,-0.042971055964171084
2024-11-20,192,-0.043733753175697096
2024-11-20,193,-0.04152906868110927
2024-11-20,194,-0.04155329240589573
2024-11-20,195,-0.04037531498050036
2024-11-20,196,-0.03972984914808272
2024-11-20,197,-0.04172425937680855
2024-11-20,198,-0.04220686231232779
2024-11-20,199,-0.04307502588230195
2024-11-20,200,-0.04276314855152295
2024-11-20,201,-0.043803118139481595
2024-11-20,202,-0.044762929332331475
2024-11-20,203,-0.046025341276199186
2024-11-20,204,-0.04581679795056766
2024-11-20,205,-0.04474001638106255
2024-11-20,206,-0.045677098249096354
2024-11-20,207,-0.046220716311715315
2024-11-20,208,-0.04595582200195253
2024-11-20,209,-0.04432350879113228
2024-11-20,210,-0.043525687148660695
2024-11-20,211,-0.04533036591985117
2024-11-20,212,-0.044566450468971834
2024-11-20,213,-0.04359711827123126
2024-11-20,214,-0.043707395750982314
2024-11-20,215,-0.04236755083528806
2024-11-20,216,-0.04213968554078353
2024-11-20,217,-0.040340750578374725
2024-11-20,218,-0.039636588217402395
2024-11-20,219,-0.04006427836207125
2024-11-20,220,-0.03820008753670324
2024-11-20,221,-0.03806282717738295
2024-11-20,222,-0.03695922152887041
2024-11-20,223,-0.03833805663184494
2024-11-20,224,-0.037965583752530854
2024-11-20,225,-0.03909722710206894
2024-11-20,226,-0.03958063583355716
2024-11-20,227,-0.03951156313451399
2024-11-20,228,-0.03999517224960799
2024-11-20,229,-0.03944249520617916
2024-11-20,230,-0.03957165611287479
2024-11-20,231,-0.038545045972632946
2024-11-20,232,-0.03697231152153682
2024-11-20,233,-0.03813111012677775
2024-11-20,234,-0.03754499416247323
2024-11-20,235,-0.0358575206669049
2024-11-20,236,-0.03651839552401856
2024-11-20,237,-0.03601788036851155
2024-11-20,238,-0.03599516691626193
2024-11-20,239,-0.03675256014281476
2024-11-20,240,-0.0333831225386531
2024-11-20,241,-0.033142882297257245
2024-11-20,242,-0.03183972710597891
2024-11-20,243,-0.030812118602863803
2024-11-20,244,-0.0296986984920602
2024-11-20,245,-0.029409425887543545
2024-11-20,246,-0.027769745257830734
2024-11-20,247,-0.028944576681721342
2024-11-20,248,-0.031824647881791075
2024-11-20,249,-0.029819766475984884
2024-11-20,250,-0.030620415249521877
2024-11-20,251,-0.030161845636437718
2024-11-20,252,-0.027940419935243262
2024-11-20,253,-0.02695091204933612
2024-11-20,254,-0.027155557501805146
2024-11-20,255,-0.02622680349960327
2024-11-20,256,-0.02504290465618603
2024-11-20,257,-0.024294325220773048
2024-11-20,258,-0.02429500549311331
2024-11-20,259,-0.025996453291303505
2024-11-20,260,-0.02538267235775983
2024-11-20,261,-0.025311168561388705
2024-11-20,262,-0.025792044882592607
2024-11-20,263,-0.024688960902320627
2024-11-20,264,-0.022742468748658703
2024-11-20,265,-0.02249322708380594
2024-11-20,266,-0.022594410350896134
2024-11-20,267,-0.021536905908295496
2024-11-20,268,-0.022866773229587623
2024-11-20,269,-0.021950136204566748
2024-11-20,270,-0.021373425137780976
2024-11-20,271,-0.021916202815805683
2024-11-20,272,-0.02341036228965379
2024-11-20,273,-0.02444263553793247
2024-11-20,274,-0.023947446614603653
2024-11-20,275,-0.023750255566438016
2024-11-20,276,-0.022696962228822923
2024-11-20,277,-0.023954246999505227
2024-11-20,278,-0.024634519134583078
2024-11-20,279,-0.026674025210399258
2024-11-20,280,-0.02681450501052154
2024-11-20,281,-0.026513793221410287
2024-11-20,282,-0.02681450501052154
2024-11-20,283,-0.02671903115323693
2024-11-20,284,-0.02674630846805993
2024-11-20,285,-0.02633722685057339
2024-11-20,286,-0.027779302269844774
2024-11-20,287,-0.028439639871793702
2024-11-20,288,-0.030230275512948376
2024-11-20,289,-0.03139430043126238
2024-11-20,290,-0.028589249503653855
2024-11-20,291,-0.027292011073689212
2024-11-20,292,-0.025996453291303505
2024-11-20,293,-0.024907438306262544
2024-11-20,294,-0.023737337510088767
2024-11-20,295,-0.023478331703443645
2024-11-20,296,-0.0225271800589387
2024-11-20,297,-0.023206481762935816
2024-11-20,298,-0.02416304132187456
2024-11-20,299,-0.023603407496818492
2024-11-20,300,-0.02341036228965379
2024-11-20,301,-0.02266368265219049
2024-11-20,302,-0.020763152191225574
2024-11-20,303,-0.019983900572114938
2024-11-20,304,-0.02089873621963486
2024-11-20,305,-0.021576932244273095
2024-11-20,306,-0.020560488347151122
2024-11-20,307,-0.019274970495266587
2024-11-20,308,-0.018738359650091865
2024-11-20,309,-0.017784945035256027
2024-11-20,310,-0.017717361485066533
2024-11-20,311,-0.018319691933909543
2024-11-20,312,-0.018866903485407902
2024-11-20,313,-0.01906990108396674
2024-11-20,314,-0.017784945035256027
2024-11-20,315,-0.01825815782083175
2024-11-20,316,-0.01873159464276873
2024-11-20,317,-0.020213547286381833
2024-11-20,318,-0.021373425137780976
2024-11-20,319,-0.01983218654193358
2024-11-20,320,-0.022324158431005974
2024-11-20,321,-0.022832808722494324
2024-11-20,322,-0.021916202815805683
2024-11-20,323,-0.022119820422644845
2024-11-20,324,-0.022119820422644845
2024-11-20,325,-0.019595179439414294
2024-11-20,326,-0.018596980513290496
2024-11-20,327,-0.018799246775527897
2024-11-20,328,-0.019195103480572014
2024-11-20,329,-0.019171415338347285
2024-11-20,330,-0.01785253315329083
2024-11-20,331,-0.01768357142272071
2024-11-20,332,-0.017717361485066533
2024-11-20,333,-0.018190542282755236
2024-11-20,334,-0.01961007537438144
2024-11-20,335,-0.019137576108524873
2024-11-20,336,-0.017633564225728402
2024-11-20,337,-0.017717361485066533
2024-11-20,338,-0.01710931498455703
2024-11-20,339,-0.01741329201974426
2024-11-20,340,-0.01623167779742229
2024-11-20,341,-0.016029255476296588
2024-11-20,342,-0.015287390663988336
2024-11-20,343,-0.015152565262678655
2024-11-20,344,-0.015676463848706572
2024-11-20,345,-0.014723941260451106
2024-11-20,346,-0.014395858041592092
2024-11-20,347,-0.014175624357273403
2024-11-20,348,-0.015995522406078065
2024-11-20,349,-0.015287390663988336
2024-11-20,350,-0.016366648778866327
2024-11-20,351,-0.01623167779742229
2024-11-20,352,-0.015658254274719074
2024-11-20,353,-0.01592805967920884
2024-11-20,354,-0.017430182342434302
2024-11-20,355,-0.018049916606438485
2024-11-20,356,-0.017784945035256027
2024-11-20,357,-0.01737951223018897
2024-11-20,358,-0.016434141101640116
2024-11-20,359,-0.016332904325607463
2024-11-20,360,-0.015077070977290528
2024-11-20,361,-0.01542223424563817
2024-11-20,362,-0.01559081429627431
2024-11-20,363,-0.016021159435665164
2024-11-20,364,-0.0186301250243765
2024-11-20,365,-0.020051637481983006
2024-11-20,366,-0.01798839909099668
2024-11-20,367,-0.018190542282755236
2024-11-20,368,-0.02036464158543416
2024-11-20,369,-0.018664623539421756
2024-11-20,370,-0.01846103187055534
2024-11-20,371,-0.019509870631634223
2024-11-20,372,-0.02029146302021642
2024-11-20,373,-0.02078687806921129
2024-11-20,374,-0.020967213140396783
2024-11-20,375,-0.02055981061056087
2024-11-20,376,-0.0216590251660436
2024-11-20,377,-0.023412401304850103
2024-11-20,378,-0.023512318142857647
2024-11-20,379,-0.024634519134583078
2024-11-20,380,-0.02873136522435145
2024-11-20,381,-0.027223781960300193
2024-11-20,382,-0.026185909056334594
2024-11-20,383,-0.026815186999433117
2024-11-20,384,-0.02483937169080096
2024-11-20,385,-0.0255876782481404
2024-11-20,386,-0.02504290465618603
2024-11-20,387,-0.02548551059092625
2024-11-20,388,-0.025238988962171964
2024-11-20,389,-0.02688270620406886
2025-02-26,0,0.0
2025-02-26,1,-0.010307244416185128
2025-02-26,2,-0.005198064079532343
2025-02-26,3,-0.014195288873964892
2025-02-26,4,-0.0166187980880205
2025-02-26,5,-0.014937621823556896
2025-02-26,6,-0.014724929865425212
2025-02-26,7,-0.01836888789854675
2025-02-26,8,-0.023695645337829883
2025-02-26,9,-0.029901959032409615
2025-02-26,10,-0.029362684550913672
2025-02-26,11,-0.034135595844227574
2025-02-26,12,-0.03051533385054489
2025-02-26,13,-0.0362212634343185
2025-02-26,14,-0.03989021904798449
2025-02-26,15,-0.034637303590698686
2025-02-26,16,-0.03120756169805369
2025-02-26,17,-0.02530059810696714
2025-02-26,18,-0.034135595844227574
2025-02-26,19,-0.03490755821080192
2025-02-26,20,-0.03529067275128603
2025-02-26,21,-0.032554933564739034
2025-02-26,22,-0.039784672581054295
2025-02-26,23,-0.04141101375811663
2025-02-26,24,-0.04741732813491467
2025-02-26,25,-0.04953247854566579
2025-02-26,26,-0.05834875320874295
2025-02-26,27,-0.055584766621404165
2025-02-26,28,-0.0540249619896965
2025-02-26,29,-0.05645237719757785
2025-02-26,30,-0.06470220569929035
2025-02-26,31,-0.06421540731170214
2025-02-26,32,-0.060643266184437966
2025-02-26,33,-0.05217368778625493
2025-02-26,34,-0.054955037474754706
2025-02-26,35,-0.05223968961547245
2025-02-26,36,-0.048240311637207454
2025-02-26,37,-0.05008117540442511
2025-02-26,38,-0.051964710728189964
2025-02-26,39,-0.052671952123431204
2025-02-26,40,-0.04640283042353247
2025-02-26,41,-0.04524733858640233
2025-02-26,42,-0.045153708549818226
2025-02-26,43,-0.0414934108608946
2025-02-26,44,-0.04277688341325747
2025-02-26,45,-0.04347765428986804
2025-02-26,46,-0.04211549486229358
2025-02-26,47,-0.04726328956788817
2025-02-26,48,-0.051022499603208545
2025-02-26,49,-0.0520369835676169
2025-02-26,50,-0.053065080248948786
2025-02-26,51,-0.052907810452288956
2025-02-26,52,-0.04562194642320824
2025-02-26,53,-0.044670092967970775
2025-02-26,54,-0.04937576329695132
2025-02-26,55,-0.050355636775710325
2025-02-26,56,-0.052514744136941675
2025-02-26,57,-0.049140736463639534
2025-02-26,58,-0.049297414881507975
2025-02-26,59,-0.05055172674241507
2025-02-26,60,-0.05440287309060869
2025-02-26,61,-0.05645316627703388
2025-02-26,62,-0.058980623784084536
2025-02-26,63,-0.06105935907822497
2025-02-26,64,-0.058901519247398025
2025-02-26,65,-0.057873729300417655
2025-02-26,66,-0.05479668241322675
2025-02-26,67,-0.05487546289146485
2025-02-26,68,-0.0518861592179967
2025-02-26,69,-0.050002771703730305
2025-02-26,70,-0.052671952123431204
2025-02-26,71,-0.05023800124964583
2025-02-26,72,-0.051257969169855214
2025-02-26,73,-0.05091812583200707
2025-02-26,74,-0.050002771703730305
2025-02-26,75,-0.05220118801902641
2025-02-26,76,-0.0522789784869046
2025-02-26,77,-0.05141497968988253
2025-02-26,78,-0.05063017349672082
2025-02-26,79,-0.05216111650315096
2025-02-26,80,-0.0536157193975716
2025-02-26,81,-0.05479668241322675
2025-02-26,82,-0.05556190343275302
2025-02-26,83,-0.05653128822543502
2025-02-26,84,-0.057636696944391386
2025-02-26,85,-0.05511184157120871
2025-02-26,86,-0.058980623784084536
2025-02-26,87,-0.058466556113551
2025-02-26,88,-0.06045310993881686
2025-02-26,89,-0.062070591777641376
2025-02-26,90,-0.05913885163251586
2025-02-26,91,-0.06127738161469056
2025-02-26,92,-0.06183256265762195
2025-02-26,93,-0.06421540731170214
2025-02-26,94,-0.0644540043621839
2025-02-26,95,-0.05963426667936553
2025-02-26,96,-0.060643266184437966
2025-02-26,97,-0.05850609039966571
2025-02-26,98,-0.0591380604309932
2025-02-26,99,-0.060643266184437966
2025-02-26,100,-0.05732074117557022
2025-02-26,101,-0.05550435358215002
2025-02-26,102,-0.052357560860918646
2025-02-26,103,-0.05298644225889532
2025-02-26,104,-0.052357560860918646
2025-02-26,105,-0.05141497968988253
2025-02-26,106,-0.04992437414969386
2025-02-26,107,-0.04945411785134985
2025-02-26,108,-0.047497093468473806
2025-02-26,109,-0.050472501766582314
2025-02-26,110,-0.04812292467093878
2025-02-26,111,-0.04835771238479374
2025-02-26,112,-0.05133647134833107
2025-02-26,113,-0.049611629080227836
2025-02-26,114,-0.05220040228759496
2025-02-26,115,-0.052362275999736224
2025-02-26,116,-0.056011379209633554
2025-02-26,117,-0.05716359035902995
2025-02-26,118,-0.059217974946241606
2025-02-26,119,-0.060009552601759844
2025-02-26,120,-0.05607684604538046
2025-02-26,121,-0.05503304246947772
2025-02-26,122,-0.05605949297266375
2025-02-26,123,-0.05526867025904357
2025-02-26,124,-0.054640715373944784
2025-02-26,125,-0.05239999791066974
2025-02-26,126,-0.052357560860918646
2025-02-26,127,-0.056089466651043585
2025-02-26,128,-0.05704436174433709
2025-02-26,129,-0.05698751601888351
2025-02-26,130,-0.055427100085799604
2025-02-26,131,-0.057161221440192804
2025-02-26,132,-0.05716280071879404
2025-02-26,133,-0.05742499554368575
2025-02-26,134,-0.05511184157120871
2025-02-26,135,-0.05550593024625989
2025-02-26,136,-0.05432412983295947
2025-02-26,137,-0.055190646882727575
2025-02-26,138,-0.056846994621111584
2025-02-26,139,-0.05507244124418097
2025-02-26,140,-0.05634033423608623
2025-02-26,141,-0.060167943352071124
2025-02-26,142,-0.061911899402476774
2025-02-26,143,-0.06096027363676781
2025-02-26,144,-0.061594590181981754
2025-02-26,145,-0.06214994740994887
2025-02-26,146,-0.06286443162245765
2025-02-26,147,-0.06270799532049919
2025-02-26,148,-0.06286443162245765
2025-02-26,149,-0.062455525401187005
2025-02-26,150,-0.061872230243259475
2025-02-26,151,-0.06127738161469056
2025-02-26,152,-0.059297104520961284
2025-02-26,153,-0.05913885163251586
2025-02-26,154,-0.058901519247398025
2025-02-26,155,-0.0613566743237676
2025-02-26,156,-0.05961368544960468
2025-02-26,157,-0.059297104520961284
2025-02-26,158,-0.05684620523083285
2025-02-26,159,-0.057636696944391386
2025-02-26,160,-0.057636696944391386
2025-02-26,161,-0.055584766621404165
2025-02-26,162,-0.05613679534091545
2025-02-26,163,-0.055545347656935216
2025-02-26,164,-0.056057915435530355
2025-02-26,165,-0.05716280071879404
2025-02-26,166,-0.05977201350566684
2025-02-26,167,-0.059236174193980036
2025-02-26,168,-0.060009552601759844
2025-02-26,169,-0.06120602355179387
2025-02-26,170,-0.060326359193986635
2025-02-26,171,-0.058980623784084536
2025-02-26,172,-0.05874332894413377
2025-02-26,173,-0.05961368544960468
2025-02-26,174,-0.056846994621111584
2025-02-26,175,-0.05713200523593612
2025-02-26,176,-0.057241767829033646
2025-02-26,177,-0.055427100085799604
2025-02-26,178,-0.05485182809631831
2025-02-26,179,-0.05369440689023534
2025-02-26,180,-0.05621568146883075
2025-02-26,181,-0.05678937076829399
2025-02-26,182,-0.058229383213395804
2025-02-26,183,-0.057241767829033646
2025-02-26,184,-0.05483607187655033
2025-02-26,185,-0.05408793725618136
2025-02-26,186,-0.05408793725618136
2025-02-26,187,-0.05322237478328798
2025-02-26,188,-0.05432412983295947
2025-02-26,189,-0.054954249576555925
2025-02-26,190,-0.055874938013802666
2025-02-26,191,-0.05795275257281246
2025-02-26,192,-0.05874332894413377
2025-02-26,193,-0.05862470263663388
2025-02-26,194,-0.057442372328459626
2025-02-26,195,-0.056057915435530355
2025-02-26,196,-0.05503304246947772
2025-02-26,197,-0.05672859304228565
2025-02-26,198,-0.05597904175169409
2025-02-26,199,-0.05684857340353893
2025-02-26,200,-0.05771570148719378
2025-02-26,201,-0.056846994621111584
2025-02-26,202,-0.05416666191672201
2025-02-26,203,-0.055663609212212514
2025-02-26,204,-0.05507244124418097
2025-02-26,205,-0.055269458405012885
2025-02-26,206,-0.05557451754116038
2025-02-26,207,-0.05511184157120871
2025-02-26,208,-0.055230051867463166
2025-02-26,209,-0.053773100575107834
2025-02-26,210,-0.05118025808315214
2025-02-26,211,-0.051559451144458944
2025-02-26,212,-0.05063017349672082
2025-02-26,213,-0.04909843749925278
2025-02-26,214,-0.05055172674241507
2025-02-26,215,-0.05015958525274231
2025-02-26,216,-0.05086555068975765
2025-02-26,217,-0.04951132055305693
2025-02-26,218,-0.04843598720773689
2025-02-26,219,-0.048240311637207454
2025-02-26,220,-0.047692623649180046
2025-02-26,221,-0.046441890634853225
2025-02-26,222,-0.046480952371933566
2025-02-26,223,-0.04429584146659656
2025-02-26,224,-0.0451521481234784
2025-02-26,225,-0.046441890634853225
2025-02-26,226,-0.04812292467093878
2025-02-26,227,-0.04980678934151557
2025-02-26,228,-0.048200398522574434
2025-02-26,229,-0.048514268158107686
2025-02-26,230,-0.048905764854960995
2025-02-26,231,-0.04702797696260704
2025-02-26,232,-0.0480446743481163
2025-02-26,233,-0.04812292467093878
2025-02-26,234,-0.04843598720773689
2025-02-26,235,-0.04683257668451706
2025-02-26,236,-0.04926137667160031
2025-02-26,237,-0.050002771703730305
2025-02-26,238,-0.049767597477741544
2025-02-26,239,-0.04953247854566579
2025-02-26,240,-0.048631701074689136
2025-02-26,241,-0.04796643014792775
2025-02-26,242,-0.048866608287420774
2025-02-26,243,-0.05063017349672082
2025-02-26,244,-0.050277211554118906
2025-02-26,245,-0.05168980743350991
2025-02-26,246,-0.05231826890201293
2025-02-26,247,-0.05369440689023534
2025-02-26,248,-0.05298722860818612
2025-02-26,249,-0.052592559001270654
2025-02-26,250,-0.052554043816654385
2025-02-26,251,-0.0536157193975716
2025-02-26,252,-0.05349769976683604
2025-02-26,253,-0.055230051867463166
2025-02-26,254,-0.055127602136698144
2025-02-26,255,-0.05692593679600958
2025-02-26,256,-0.058901519247398025
2025-02-26,257,-0.058980623784084536
2025-02-26,258,-0.057794712272207005
2025-02-26,259,-0.057321530940532286
2025-02-26,260,-0.0608810123519008
2025-02-26,261,-0.06000876071103753
2025-02-26,262,-0.05850609039966571
2025-02-26,263,-0.05791324015603042
2025-02-26,264,-0.057794712272207005
2025-02-26,265,-0.058071299191409013
2025-02-26,266,-0.057222025466859464
2025-02-26,267,-0.05811081785410265
2025-02-26,268,-0.05858516366108366
2025-02-26,269,-0.0613566743237676
2025-02-26,270,-0.06360485814829964
2025-02-26,271,-0.0622301029911813
2025-02-26,272,-0.06290414016178418
2025-02-26,273,-0.06369864224942004
2025-02-26,274,-0.06278501927379562
2025-02-26,275,-0.06349995754152837
2025-02-26,276,-0.06405637423248661
2025-02-26,277,-0.06286443162245765
2025-02-26,278,-0.06389736644076975
2025-02-26,279,-0.0636843356315758
2025-02-26,280,-0.06195157013539893
2025-02-26,281,-0.06365890214966723
2025-02-26,282,-0.06397686717619339
2025-02-26,283,-0.06580155523555849
2025-02-26,284,-0.06788016603408935
2025-02-26,285,-0.0689582471542987
2025-02-26,286,-0.06995750778464244
2025-02-26,287,-0.07083768387667294
2025-02-26,288,-0.06835916971560964
2025-02-26,289,-0.0668423138559924
2025-02-26,290,-0.0674253249612815
2025-02-26,291,-0.0689582471542987
2025-02-26,292,-0.06951771008449247
2025-02-26,293,-0.07179876035622347
2025-02-26,294,-0.07265810384506963
2025-02-26,295,-0.07316186845326525
2025-02-26,296,-0.07565232967221346
2025-02-26,297,-0.079258405479763
2025-02-26,298,-0.0789153696089724
2025-02-26,299,-0.08028821969942025
2025-02-26,300,-0.08157880122237483
2025-02-26,301,-0.08129887206042345
2025-02-26,302,-0.08462099965497391
2025-02-26,303,-0.08681478481268734
2025-02-26,304,-0.08521041121037731
2025-02-26,305,-0.08263449909293281
2025-02-26,306,-0.08485639786459927
2025-02-26,307,-0.08283702253571332
2025-02-26,308,-0.0838908061212521
2025-02-26,309,-0.0842964033687512
2025-02-26,310,-0.08612362953950876
2025-02-26,311,-0.08644881957529996
2025-02-26,312,-0.08751781372441324
2025-02-26,313,-0.08673344762934918
2025-02-26,314,-0.08324867656414812
2025-02-26,315,-0.08154158068990666
2025-02-26,316,-0.08019690704766573
2025-02-26,317,-0.07855228337200329
2025-02-26,318,-0.08093653680576858
2025-02-26,319,-0.07871363875758929
2025-02-26,320,-0.07903642765645395
2025-02-26,321,-0.0787741537401088
2025-02-26,322,-0.07778620063792532
2025-02-26,323,-0.07709319991719024
2025-02-26,324,-0.07621555131481257
2025-02-26,325,-0.07440632376330439
2025-02-26,326,-0.07484827720467699
2025-02-26,327,-0.0762582081602167
2025-02-26,328,-0.0747277250757813
2025-02-26,329,-0.07649728113777766
2025-02-26,330,-0.07903642765645395
2025-02-26,331,-0.08170422843368952
2025-02-26,332,-0.08637076432189782
2025-02-26,333,-0.0866114542575044
2025-02-26,334,-0.0851381368373363
2025-02-26,335,-0.08665211706121036
2025-02-26,336,-0.08665211706121036
2025-02-26,337,-0.08462099965497391
2025-02-26,338,-0.08770993074054775
2025-02-26,339,-0.08893187704549987
2025-02-26,340,-0.08689612861230103
2025-02-26,341,-0.08486451603265352
2025-02-26,342,-0.086182155942249
2025-02-26,343,-0.08966657791220137
2025-02-26,344,-0.08827998654001525
2025-02-26,345,-0.09080843289337395
2025-02-26,346,-0.09160008957632262
2025-02-26,347,-0.09227950213545207
2025-02-26,348,-0.0937936928444363
2025-02-26,349,-0.09584354597283519
2025-02-26,350,-0.09723985010113295
2025-02-26,351,-0.09350704842487358
2025-02-26,352,-0.08995130747611056
2025-02-26,353,-0.0897603910194296
2025-02-26,354,-0.0899105102992695
2025-02-26,355,-0.09019612549593943
2025-02-26,356,-0.09064511425835478
2025-02-26,357,-0.08897263431558362
2025-02-26,358,-0.09247417226426279
2025-02-26,359,-0.09522814871449589
2025-02-26,360,-0.09277033984164165
2025-02-26,361,-0.09236129169097139
2025-02-26,362,-0.09391738481227514
2025-02-26,363,-0.09309769887558222
2025-02-26,364,-0.09433936325830633
2025-02-26,365,-0.09440820770430784
2025-02-26,366,-0.0952289689920861
2025-02-26,367,-0.09576147112052388
2025-02-26,368,-0.09604876257968314
2025-02-26,369,-0.09777424675948417
2025-02-26,370,-0.09802098772384825
2025-02-26,371,-0.09723985010113295
2025-02-26,372,-0.10040929439748915
2025-02-26,373,-0.09760978659958706
2025-02-26,374,-0.0998594785554548
2025-02-26,375,-0.10177070882835557
2025-02-26,376,-0.10412661725233395
2025-02-26,377,-0.10189456573250417
2025-02-26,378,-0.09526916341827288
2025-02-26,379,-0.09539221762380563
2025-02-26,380,-0.0953101798043249
2025-02-26,381,-0.09285216955405572
2025-02-26,382,-0.09252489087334043
2025-02-26,383,-0.09334328849656204
2025-02-26,384,-0.09876157611400266
2025-02-26,385,-0.10255539509737534
2025-02-26,386,-0.10325800511574036
2025-02-26,387,-0.10594901669639915
2025-02-26,388,-0.10607090456551484
2025-02-26,389,-0.11093614364820073
2025-05-28,0,0.0
2025-05-28,1,-0.0036286171818551705
2025-05-28,2,-0.000809836567746546
2025-05-28,3,0.006903708799121363
2025-05-28,4,0.007023838483450505
2025-05-28,5,0.0062748878177024325
2025-05-28,6,0.005295235624237982
2025-05-28,7,0.004841095541860113
2025-05-28,8,0.0022480602393291286
2025-05-28,9,0.0011949112267333247
2025-05-28,10,0.005435844278057995
2025-05-28,11,0.004456069547849163
2025-05-28,12,0.0062748878177024325
2025-05-28,13,0.005991090212419477
2025-05-28,14,0.0022831461120060704
2025-05-28,15,0.0011597871509319837
2025-05-28,16,-0.0028517608283934156
2025-05-28,17,-0.004811641801373907
2025-05-28,18,-0.007376721000430503
2025-05-28,19,-0.007731041948048348
2025-05-28,20,-0.004617317827367042
2025-05-28,21,-0.000773939389929531
2025-05-28,22,-0.0014132427681870837
2025-05-28,23,-0.0020064424071176224
2025-05-28,24,-0.0030993579559797234
2025-05-28,25,-0.00144282396187484
2025-05-28,26,-0.002993539716343838
2025-05-28,27,-0.0032051873943007075
2025-05-28,28,-0.003416879876479927
2025-05-28,29,-0.004193469276235074
2025-05-28,30,-0.0050943622810545935
2025-05-28,31,-0.004864645803188413
2025-05-28,32,-0.004609545653797358
2025-05-28,33,-0.0077813657034586274
2025-05-28,34,-0.01057013818399284
2025-05-28,35,-0.013343901191860824
2025-05-28,36,-0.01389715352396443
2025-05-28,37,-0.017846529255434715
2025-05-28,38,-0.015129524866996992
2025-05-28,39,-0.016767423863532874
2025-05-28,40,-0.015762356265696238
2025-05-28,41,-0.019173391821805486
2025-05-28,42,-0.01738125482460766
2025-05-28,43,-0.015819616549204007
2025-05-28,44,-0.014201715500935939
2025-05-28,45,-0.013417317842433694
2025-05-28,46,-0.012669148151157711
2025-05-28,47,-0.015379466846053487
2025-05-28,48,-0.01758165419258904
2025-05-28,49,-0.016344114377939555
2025-05-28,50,-0.01616540572617815
2025-05-28,51,-0.01670162752035523
2025-05-28,52,-0.015736635219019652
2025-05-28,53,-0.015593752561159016
2025-05-28,54,-0.016951962792114326
2025-05-28,55,-0.01566519133815771
2025-05-28,56,-0.013060976748971912
2025-05-28,57,-0.013239131423331081
2025-05-28,58,-0.012277473022862018
2025-05-28,59,-0.0110727877692611
2025-05-28,60,-0.012704762589254879
2025-05-28,61,-0.010961145031594158
2025-05-28,62,-0.010747849616636952
2025-05-28,63,-0.01145901132921798
2025-05-28,64,-0.010285865564638338
2025-05-28,65,-0.010758513306949238
2025-05-28,66,-0.011414193210739134
2025-05-28,67,-0.011601304381999899
2025-05-28,68,-0.011316738520868438
2025-05-28,69,-0.009677793531990263
2025-05-28,70,-0.010926303671767862
2025-05-28,71,-0.013249821713162727
2025-05-28,72,-0.013488601301137241
2025-05-28,73,-0.012266793122612103
2025-05-28,74,-0.01145901132921798
2025-05-28,75,-0.009469031638372299
2025-05-28,76,-0.00873374166253453
2025-05-28,77,-0.007731041948048348
2025-05-28,78,-0.007376721000430503
2025-05-28,79,-0.007412147446276003
2025-05-28,80,-0.006951701513972961
2025-05-28,81,-0.00670385687588502
2025-05-28,82,-0.005359485343895201
2025-05-28,83,-0.004546663925476083
2025-05-28,84,-0.004122845313495335
2025-05-28,85,-0.005147381270701762
2025-05-28,86,-0.004182875363850303
2025-05-28,87,-0.004158156671397246
2025-05-28,88,-0.002914536065205517
2025-05-28,89,-0.0027819368236481345
2025-05-28,90,-0.002605635277026827
2025-05-28,91,-0.0032051873943007075
2025-05-28,92,-0.0027466740276574125
2025-05-28,93,-0.003557327282862322
2025-05-28,94,-0.0027819368236481345
2025-05-28,95,-0.0028172008631474873
2025-05-28,96,-0.0027466740276574125
2025-05-28,97,-0.0059960676259667445
2025-05-28,98,-0.00673996755725171
2025-05-28,99,-0.006562258942978354
2025-05-28,100,-0.006526862592338547
2025-05-28,101,-0.005677725830306709
2025-05-28,102,-0.0064560736495416745
2025-05-28,103,-0.007412147446276003
2025-05-28,104,-0.009682054432616823
2025-05-28,105,-0.008581924790280549
2025-05-28,106,-0.00906583273233683
2025-05-28,107,-0.009362537255850291
2025-05-28,108,-0.007695604203302741
2025-05-28,109,-0.008617393958709588
2025-05-28,110,-0.007518434314633412
2025-05-28,111,-0.007376721000430503
2025-05-28,112,-0.0066634994221234575
2025-05-28,113,-0.005818491148228403
2025-05-28,114,-0.005889942433515307
2025-05-28,115,-0.006385289717464746
2025-05-28,116,-0.0052180776298688825
2025-05-28,117,-0.005520714532950599
2025-05-28,118,-0.004264098227071318
2025-05-28,119,-0.003699206247638145
2025-05-28,120,-0.005182728825538534
2025-05-28,121,-0.006030737629447993
2025-05-28,122,-0.006349899630224513
2025-05-28,123,-0.006137585404373932
2025-05-28,124,-0.006102204082170257
2025-05-28,125,-0.0045092193813713165
2025-05-28,126,-0.0040522263381471465
2025-05-28,127,-0.004511338846432571
2025-05-28,128,-0.005182728825538534
2025-05-28,129,-0.005147381270701762
2025-05-28,130,-0.005536273110642199
2025-05-28,131,-0.0071641886770064745
2025-05-28,132,-0.00670385687588502
2025-05-28,133,-0.007412147446276003
2025-05-28,134,-0.006455365785418989
2025-05-28,135,-0.0069162913760466875
2025-05-28,136,-0.005713092136830148
2025-05-28,137,-0.006597656546564262
2025-05-28,138,-0.0071641886770064745
2025-05-28,139,-0.007695604203302741
2025-05-28,140,-0.005147381270701762
2025-05-28,141,-0.005925316246285379
2025-05-28,142,-0.005359485343895201
2025-05-28,143,-0.005783828502425128
2025-05-28,144,-0.00603144519305512
2025-05-28,145,-0.007094062921664777
2025-05-28,146,-0.006597656546564262
2025-05-28,147,-0.0105694274016738
2025-05-28,148,-0.01169665205598016
2025-05-28,149,-0.011636880809063057
2025-05-28,150,-0.013916408794293032
2025-05-28,151,-0.012775995270839243
2025-05-28,152,-0.012562312446563844
2025-05-28,153,-0.01149600557519414
2025-05-28,154,-0.011982749637133305
2025-05-28,155,-0.010335607439846125
2025-05-28,156,-0.010926303671767862
2025-05-28,157,-0.011779199175488324
2025-05-28,158,-0.012954099177128796
2025-05-28,159,-0.011829015389252892
2025-05-28,160,-0.011423441229440128
2025-05-28,161,-0.01085235868538213
2025-05-28,162,-0.011814781932088318
2025-05-28,163,-0.014344399385033336
2025-05-28,164,-0.013524244936078879
2025-05-28,165,-0.014237384563378275
2025-05-28,166,-0.013381678018490677
2025-05-28,167,-0.014558463390988369
2025-05-28,168,-0.014559177014307218
2025-05-28,169,-0.014130381192670195
2025-05-28,170,-0.013987727840074378
2025-05-28,171,-0.013905711376114838
2025-05-28,172,-0.013773785960135553
2025-05-28,173,-0.012989723765223124
2025-05-28,174,-0.012811613514507388
2025-05-28,175,-0.011992714709554486
2025-05-28,176,-0.011341634801187618
2025-05-28,177,-0.012206987788955218
2025-05-28,178,-0.010781973825918254
2025-05-28,179,-0.011422018451765542
2025-05-28,180,-0.010818943033416453
2025-05-28,181,-0.011067809802099293
2025-05-28,182,-0.011565729220573653
2025-05-28,183,-0.012025457789556642
2025-05-28,184,-0.010854491637248755
2025-05-28,185,-0.010356215513024007
2025-05-28,186,-0.009185071816778832
2025-05-28,187,-0.010214810034711655
2025-05-28,188,-0.011067809802099293
2025-05-28,189,-0.010605677944103062
2025-05-28,190,-0.010214810034711655
2025-05-28,191,-0.010214810034711655
2025-05-28,192,-0.010499062452771386
2025-05-28,193,-0.010996698690958267
2025-05-28,194,-0.010854491637248755
2025-05-28,195,-0.010534599686912166
2025-05-28,196,-0.01145901132921798
2025-05-28,197,-0.012134371834771122
2025-05-28,198,-0.012348675272883148
2025-05-28,199,-0.012597923079902583
2025-05-28,200,-0.012740378295785195
2025-05-28,201,-0.012455488154618147
2025-05-28,202,-0.012135795626328109
2025-05-28,203,-0.012822299235001068
2025-05-28,204,-0.012882853808047474
2025-05-28,205,-0.012811613514507388
2025-05-28,206,-0.013202785292711194
2025-05-28,207,-0.01198346142472738
2025-05-28,208,-0.011814781932088318
2025-05-28,209,-0.012241873798921141
2025-05-28,210,-0.012455488154618147
2025-05-28,211,-0.012170679152728625
2025-05-28,212,-0.011530155324694721
2025-05-28,213,-0.012847233026880003
2025-05-28,214,-0.013452958936619032
2025-05-28,215,-0.013702482170308967
2025-05-28,216,-0.013987727840074378
2025-05-28,217,-0.014049066287817219
2025-05-28,218,-0.013203497949241782
2025-05-28,219,-0.013595536017594953
2025-05-28,220,-0.013239131423331081
2025-05-28,221,-0.013809439761725897
2025-05-28,222,-0.013762377012097479
2025-05-28,223,-0.013773072897069725
2025-05-28,224,-0.014665512580192799
2025-05-28,225,-0.01598672900549257
2025-05-28,226,-0.015406607163639608
2025-05-28,227,-0.016335535632924024
2025-05-28,228,-0.015522318887294847
2025-05-28,229,-0.015522318887294847
2025-05-28,230,-0.014772573230153352
2025-05-28,231,-0.014193155115262
2025-05-28,232,-0.015272341205428946
2025-05-28,233,-0.015808084204474403
2025-05-28,234,-0.015558035086380711
2025-05-28,235,-0.01670162752035523
2025-05-28,236,-0.01648710429739378
2025-05-28,237,-0.01620114490167915
2025-05-28,238,-0.016665870453861184
2025-05-28,239,-0.016414891832561524
2025-05-28,240,-0.015843810611652152
2025-05-28,241,-0.016344114377939555
2025-05-28,242,-0.016773145489275575
2025-05-28,243,-0.016773145489275575
2025-05-28,244,-0.017201645235262707
2025-05-28,245,-0.017213093489511392
2025-05-28,246,-0.019494625361349126
2025-05-28,247,-0.020291701404495294
2025-05-28,248,-0.021719559967341442
2025-05-28,249,-0.019996759441696352
2025-05-28,250,-0.018921066412445075
2025-05-28,251,-0.018634410254541302
2025-05-28,252,-0.0193153528487233
2025-05-28,253,-0.020678630666235466
2025-05-28,254,-0.02142060393967781
2025-05-28,255,-0.021828097368465974
2025-05-28,256,-0.023302785163816765
2025-05-28,257,-0.02315881741234425
2025-05-28,258,-0.02622260051431742
2025-05-28,259,-0.026546829093248972
2025-05-28,260,-0.025789496959707416
2025-05-28,261,-0.02287094407462404
2025-05-28,262,-0.023149460225863117
2025-05-28,263,-0.023338780340466953
2025-05-28,264,-0.02359078286182571
2025-05-28,265,-0.02481497827205513
2025-05-28,266,-0.025933843970170612
2025-05-28,267,-0.025826303468257004
2025-05-28,268,-0.025104133058770347
2025-05-28,269,-0.024167027205366277
2025-05-28,270,-0.022942904640265088
2025-05-28,271,-0.023878143221253697
2025-05-28,272,-0.024995960631816323
2025-05-28,273,-0.024879868578619638
2025-05-28,274,-0.02299328011749344
2025-05-28,275,-0.021289120333805485
2025-05-28,276,-0.02229544589314075
2025-05-28,277,-0.021540606799770066
2025-05-28,278,-0.021350189803939018
2025-05-28,279,-0.021289120333805485
2025-05-28,280,-0.020929963629876425
2025-05-28,281,-0.020965873496116005
2025-05-28,282,-0.02134444193011351
2025-05-28,283,-0.020104392413367367
2025-05-28,284,-0.020642731113181073
2025-05-28,285,-0.02085742963312447
2025-05-28,286,-0.022043769547590922
2025-05-28,287,-0.02315881741234425
2025-05-28,288,-0.02366279524798719
2025-05-28,289,-0.023986915175196813
2025-05-28,290,-0.026114307038893326
2025-05-28,291,-0.02680758801876738
2025-05-28,292,-0.027198492592089958
2025-05-28,293,-0.026836485159397395
2025-05-28,294,-0.030020279455152135
2025-05-28,295,-0.028717316533448004
2025-05-28,296,-0.026944856874485768
2025-05-28,297,-0.028390936443933222
2025-05-28,298,-0.026078211819701214
2025-05-28,299,-0.026661670213574608
2025-05-28,300,-0.02463547036114977
2025-05-28,301,-0.024058956094470046
2025-05-28,302,-0.023698803385830434
2025-05-28,303,-0.023446773644987186
2025-05-28,304,-0.023128586817684645
2025-05-28,305,-0.022222812788449925
2025-05-28,306,-0.02193592764371741
2025-05-28,307,-0.022079719433453878
2025-05-28,308,-0.022547185595619374
2025-05-28,309,-0.021536295070357078
2025-05-28,310,-0.02236736505603275
2025-05-28,311,-0.023374776812816526
2025-05-28,312,-0.023122828712792053
2025-05-28,313,-0.02236736505603275
2025-05-28,314,-0.022440008661143835
2025-05-28,315,-0.022079719433453878
2025-05-28,316,-0.022798988686933395
2025-05-28,317,-0.02319480740712956
2025-05-28,318,-0.023374776812816526
2025-05-28,319,-0.023839967790739967
2025-05-28,320,-0.02240332657720895
2025-05-28,321,-0.02229544589314075
2025-05-28,322,-0.020391470321105543
2025-05-28,323,-0.021073610832594285
2025-05-28,324,-0.020606832848858322
2025-05-28,325,-0.020032635811729056
2025-05-28,326,-0.019958014407692733
2025-05-28,327,-0.02075043363890944
2025-05-28,328,-0.021971873652815596
2025-05-28,329,-0.0224752534994869
2025-05-28,330,-0.021756216977405752
2025-05-28,331,-0.021612471693800227
2025-05-28,332,-0.021684341752764784
2025-05-28,333,-0.020929963629876425
2025-05-28,334,-0.02031969311751463
2025-05-28,335,-0.021077202277055136
2025-05-28,336,-0.023374776812816526
2025-05-28,337,-0.022906923710154188
2025-05-28,338,-0.023386295957635347
2025-05-28,339,-0.022942904640265088
2025-05-28,340,-0.023266791282772682
2025-05-28,341,-0.023302785163816765
2025-05-28,342,-0.023788829403410233
2025-05-28,343,-0.022763012934586394
2025-05-28,344,-0.023626788406683478
2025-05-28,345,-0.023338780340466953
2025-05-28,346,-0.02283496573358149
2025-05-28,347,-0.02279970821518193
2025-05-28,348,-0.021899982926688353
2025-05-28,349,-0.021684341752764784
2025-05-28,350,-0.021217278672795437
2025-05-28,351,-0.021231646592105368
2025-05-28,352,-0.021781374526558643
2025-05-28,353,-0.020642013135265317
2025-05-28,354,-0.02118135977765659
2025-05-28,355,-0.021325043099862308
2025-05-28,356,-0.022511218900774718
2025-05-28,357,-0.024058956094470046
2025-05-28,358,-0.02366279524798719
2025-05-28,359,-0.023374776812816526
2025-05-28,360,-0.02351733556994565
2025-05-28,361,-0.025032016807341892
2025-05-28,362,-0.02532123436767647
2025-05-28,363,-0.025104133058770347
2025-05-28,364,-0.025536939817311876
2025-05-28,365,-0.025933843970170612
2025-05-28,366,-0.025248381165764076
2025-05-28,367,-0.026042117903326927
2025-05-28,368,-0.025558585073213583
2025-05-28,369,-0.02550086543192533
2025-05-28,370,-0.02387958383207253
2025-05-28,371,-0.02355477861332052
2025-05-28,372,-0.023950896661676997
2025-05-28,373,-0.025068074282961907
2025-05-28,374,-0.024923852180674663
2025-05-28,375,-0.024167027205366277
2025-05-28,376,-0.02348205398509326
2025-05-28,377,-0.02401212890659627
2025-05-28,378,-0.02456338789878147
2025-05-28,379,-0.023438853739709158
2025-05-28,380,-0.020283806447614225
2025-05-28,381,-0.02143281914135278
2025-05-28,382,-0.021971873652815596
2025-05-28,383,-0.02373481282030613
2025-05-28,384,-0.021864039501635422
2025-05-28,385,-0.0224752534994869
2025-05-28,386,-0.021109525857648737
2025-05-28,387,-0.021360967156410608
2025-05-28,388,-0.021468747069931782
2025-05-28,389,-0.021360967156410608
2025-08-27,0,0.0
2025-08-27,1,-0.002940537949816398
2025-08-27,2,-0.010604669185738266
2025-08-27,3,-0.008792825826272188
2025-08-27,4,-0.016308656764763823
2025-08-27,5,-0.020711070908324032
2025-08-27,6,-0.022545769667343292
2025-08-27,7,-0.01838337500160933
2025-08-27,8,-0.016397090221408905
2025-08-27,9,-0.014072785292979591
2025-08-27,10,-0.014513491190706555
2025-08-27,11,-0.017221002524126606
2025-08-27,12,-0.016004726390109473
2025-08-27,13,-0.017469968624528837
2025-08-27,14,-0.0184941476408808
2025-08-27,15,-0.02024043722024738
2025-08-27,16,-0.02018717188897432
2025-08-27,17,-0.019386314640563087
2025-08-27,18,-0.021100843329475646
2025-08-27,19,-0.024772818079596665
2025-08-27,20,-0.028906538257020886
2025-08-27,21,-0.030642527751613708
2025-08-27,22,-0.030810741046467655
2025-08-27,23,-0.03300009269426839
2025-08-27,24,-0.03339356112350362
2025-08-27,25,-0.033253018911418956
2025-08-27,26,-0.0370546088917333
2025-08-27,27,-0.03778842959018189
2025-08-27,28,-0.03999312818523901
2025-08-27,29,-0.03646230042273926
2025-08-27,30,-0.03767549904234865
2025-08-27,31,-0.03536322888655105
2025-08-27,32,-0.033533560803251046
2025-08-27,33,-0.03166570183430591
2025-08-27,34,-0.033365451100873154
2025-08-27,35,-0.030924020607647467
2025-08-27,36,-0.030082021038884237
2025-08-27,37,-0.029633841759673672
2025-08-27,38,-0.02812271792377803
2025-08-27,39,-0.029689853186019265
2025-08-27,40,-0.02787108580860077
2025-08-27,41,-0.028989935747700393
2025-08-27,42,-0.027032769099358686
2025-08-27,43,-0.027283631545085684
2025-08-27,44,-0.02750772894624238
2025-08-27,45,-0.030082021038884237
2025-08-27,46,-0.030502371617451188
2025-08-27,47,-0.031820615459044535
2025-08-27,48,-0.03102553448246592
2025-08-27,49,-0.03249443209411838
2025-08-27,50,-0.03196095648797462
2025-08-27,51,-0.02935383167748125
2025-08-27,52,-0.030810180288480055
2025-08-27,53,-0.03156805122921558
2025-08-27,54,-0.03199071131661011
2025-08-27,55,-0.03148387732588167
2025-08-27,56,-0.03333734186839396
2025-08-27,57,-0.032578691106371765
2025-08-27,58,-0.03343797656985383
2025-08-27,59,-0.03437791005621869
2025-08-27,60,-0.03395592757629547
2025-08-27,61,-0.032943895554688025
2025-08-27,62,-0.030614494953237727
2025-08-27,63,-0.02923401131829106
2025-08-27,64,-0.028672055068922647
2025-08-27,65,-0.029297839068491028
2025-08-27,66,-0.029017923041470783
2025-08-27,67,-0.029298398979062154
2025-08-27,68,-0.027116569152481
2025-08-27,69,-0.026446365273722416
2025-08-27,70,-0.025832406054816192
2025-08-27,71,-0.027703366235333524
2025-08-27,72,-0.026614990958047115
2025-08-27,73,-0.025999812098565365
2025-08-27,74,-0.025916105573592734
2025-08-27,75,-0.026270511159608864
2025-08-27,76,-0.024912173422009232
2025-08-27,77,-0.02183360465291167
2025-08-27,78,-0.02057340983632635
2025-08-27,79,-0.021030872989096772
2025-08-27,80,-0.02054565788328094
2025-08-27,81,-0.022945159796146166
2025-08-27,82,-0.02326901652075659
2025-08-27,83,-0.02271318260118997
2025-08-27,84,-0.02179525886784517
2025-08-27,85,-0.020546212914794054
2025-08-27,86,-0.02071384652805745
2025-08-27,87,-0.02202202052342097
2025-08-27,88,-0.022499610897293968
2025-08-27,89,-0.022295536810463788
2025-08-27,90,-0.02172857404806395
2025-08-27,91,-0.021581327488991598
2025-08-27,92,-0.022017573722171863
2025-08-27,93,-0.024468533516569475
2025-08-27,94,-0.023962155172056816
2025-08-27,95,-0.023213363572527318
2025-08-27,96,-0.02274266352828388
2025-08-27,97,-0.021462434768975046
2025-08-27,98,-0.021775252954985783
2025-08-27,99,-0.022112072503485795
2025-08-27,100,-0.02131245010045993
2025-08-27,101,-0.021568548621460168
2025-08-27,102,-0.02182304552191694
2025-08-27,103,-0.02132355930449117
2025-08-27,104,-0.02171190353791805
2025-08-27,105,-0.021739687875888456
2025-08-27,106,-0.01915904128239702
2025-08-27,107,-0.019297616452719685
2025-08-27,108,-0.021184147737715334
2025-08-27,109,-0.02221047190116087
2025-08-27,110,-0.023547327730145354
2025-08-27,111,-0.023491659291352364
2025-08-27,112,-0.023602999268085945
2025-08-27,113,-0.023213363572527318
2025-08-27,114,-0.0224540103491897
2025-08-27,115,-0.025665028031159953
2025-08-27,116,-0.02544190090355379
2025-08-27,117,-0.0258882049555923
2025-08-27,118,-0.0258686749861561
2025-08-27,119,-0.026186781973240272
2025-08-27,120,-0.023714351642790458
2025-08-27,121,-0.023742191673973023
2025-08-27,122,-0.023707113361637125
2025-08-27,123,-0.02260138547336967
2025-08-27,124,-0.023547327730145354
2025-08-27,125,-0.024661347786314302
2025-08-27,126,-0.024661347786314302
2025-08-27,127,-0.023797874061648173
2025-08-27,128,-0.024271299582556125
2025-08-27,129,-0.02421559082791095
2025-08-27,130,-0.023797317222423484
2025-08-27,131,-0.023324672566409004
2025-08-27,132,-0.024577753219912526
2025-08-27,133,-0.025944006970059594
2025-08-27,134,-0.026167246171790386
2025-08-27,135,-0.027312129923613666
2025-08-27,136,-0.02713612350870343
2025-08-27,137,-0.02741942522161201
2025-08-27,138,-0.026167246171790386
2025-08-27,139,-0.026094687964727567
2025-08-27,140,-0.025525567742251006
2025-08-27,141,-0.026139338546029792
2025-08-27,142,-0.027812939837596962
2025-08-27,143,-0.02787108580860077
2025-08-27,144,-0.02876606559145546
2025-08-27,145,-0.027926998584684646
2025-08-27,146,-0.027787222505735187
2025-08-27,147,-0.028010873610944672
2025-08-27,148,-0.02848629835596909
2025-08-27,149,-0.029129880050096525
2025-08-27,150,-0.029913930269473147
2025-08-27,151,-0.030194097250825662
2025-08-27,152,-0.028542245541840212
2025-08-27,153,-0.028598195857974185
2025-08-27,154,-0.028514831029658756
2025-08-27,155,-0.02907389997898724
2025-08-27,156,-0.028189271226146676
2025-08-27,157,-0.028318475576429934
2025-08-27,158,-0.027675415707765452
2025-08-27,159,-0.028346444083892402
2025-08-27,160,-0.028094755672815074
2025-08-27,161,-0.027479783886228386
2025-08-27,162,-0.027116569152481
2025-08-27,163,-0.026311820140745606
2025-08-27,164,-0.025692922422994213
2025-08-27,165,-0.026390535220390237
2025-08-27,166,-0.027465811649063383
2025-08-27,167,-0.027060701670134697
2025-08-27,168,-0.02689311794770798
2025-08-27,169,-0.02661387413812475
2025-08-27,170,-0.026389976935597397
2025-08-27,171,-0.026726679249544635
2025-08-27,172,-0.026390535220390237
2025-08-27,173,-0.026306795984322357
2025-08-27,174,-0.025330913700152828
2025-08-27,175,-0.025386126899802384
2025-08-27,176,-0.024800687594529493
2025-08-27,177,-0.02444903125333122
2025-08-27,178,-0.023241189659485566
2025-08-27,179,-0.023213363572527318
2025-08-27,180,-0.024049040161448616
2025-08-27,181,-0.024466304667235178
2025-08-27,182,-0.024374368960874276
2025-08-27,183,-0.02396716756240734
2025-08-27,184,-0.024104182628152157
2025-08-27,185,-0.023937093597158225
2025-08-27,186,-0.024661347786314302
2025-08-27,187,-0.024800687594529493
2025-08-27,188,-0.02421559082791095
2025-08-27,189,-0.024415042503604056
2025-08-27,190,-0.02460561729893679
2025-08-27,191,-0.024717081379752256
2025-08-27,192,-0.024382726403107048
2025-08-27,193,-0.02474494934135194
2025-08-27,194,-0.024995795949966888
2025-08-27,195,-0.024022862479035286
2025-08-27,196,-0.0241693549183656
2025-08-27,197,-0.023463826234028342
2025-08-27,198,-0.023463826234028342
2025-08-27,199,-0.023222267836111372
2025-08-27,200,-0.023241189659485566
2025-08-27,201,-0.022184342303357796
2025-08-27,202,-0.02223993801138332
2025-08-27,203,-0.022093172032807976
2025-08-27,204,-0.022017573722171863
2025-08-27,205,-0.02324174618912262
2025-08-27,206,-0.02310206696695883
2025-08-27,207,-0.023937093597158225
2025-08-27,208,-0.024132033514508346
2025-08-27,209,-0.024494165640977943
2025-08-27,210,-0.024437887273670942
2025-08-27,211,-0.02455044717571783
2025-08-27,212,-0.025274588223650876
2025-08-27,213,-0.024996353456951795
2025-08-27,214,-0.025804507771953762
2025-08-27,215,-0.026824975265842484
2025-08-27,216,-0.02689311794770798
2025-08-27,217,-0.02798291448718186
2025-08-27,218,-0.028094755672815074
2025-08-27,219,-0.028654149304721082
2025-08-27,220,-0.02806679420371762
2025-08-27,221,-0.026558034732241657
2025-08-27,222,-0.027368011454782255
2025-08-27,223,-0.026892559382260404
2025-08-27,224,-0.02661387413812475
2025-08-27,225,-0.025414013512835763
2025-08-27,226,-0.025107861101752754
2025-08-27,227,-0.02491440326534038
2025-08-27,228,-0.024016178925255885
2025-08-27,229,-0.02448580726735029
2025-08-27,230,-0.025139643057466323
2025-08-27,231,-0.025274588223650876
2025-08-27,232,-0.02462902372533935
2025-08-27,233,-0.024494165640977943
2025-08-27,234,-0.024271299582556125
2025-08-27,235,-0.023881403457083266
2025-08-27,236,-0.023074244750917596
2025-08-27,237,-0.02190196382983814
2025-08-27,238,-0.02215598968236447
2025-08-27,239,-0.021934199859829487
2025-08-27,240,-0.02215543375665512
2025-08-27,241,-0.02194476016458875
2025-08-27,242,-0.02147521228055478
2025-08-27,243,-0.02157243782472639
2025-08-27,244,-0.021055861834355268
2025-08-27,245,-0.020579515369354557
2025-08-27,246,-0.02054565788328094
2025-08-27,247,-0.021989781662361627
2025-08-27,248,-0.022258285273346893
2025-08-27,249,-0.02235113870094225
2025-08-27,250,-0.02223993801138332
2025-08-27,251,-0.0219619903749284
2025-08-27,252,-0.020985339365562107
2025-08-27,253,-0.021100843329475646
2025-08-27,254,-0.02079545319120352
2025-08-27,255,-0.020850971734411073
2025-08-27,256,-0.021323003841358466
2025-08-27,257,-0.02106863415196749
2025-08-27,258,-0.020676098759750988
2025-08-27,259,-0.020878732161923482
2025-08-27,260,-0.020490156287595724
2025-08-27,261,-0.020198268599021883
2025-08-27,262,-0.02016775294268459
2025-08-27,263,-0.020573964883243118
2025-08-27,264,-0.020624475442319653
2025-08-27,265,-0.02129523107810567
2025-08-27,266,-0.021100843329475646
2025-08-27,267,-0.0218786211464623
2025-08-27,268,-0.022156545608382993
2025-08-27,269,-0.02157743825115169
2025-08-27,270,-0.021645779918398184
2025-08-27,271,-0.021545769306077607
2025-08-27,272,-0.02194364854830994
2025-08-27,273,-0.02190641011702161
2025-08-27,274,-0.021934199859829487
2025-08-27,275,-0.021823601262873894
2025-08-27,276,-0.021378551681950422
2025-08-27,277,-0.021461879228696808
2025-08-27,278,-0.021434102608276495
2025-08-27,279,-0.021184147737715334
2025-08-27,280,-0.021461879228696808
2025-08-27,281,-0.020906493360098737
2025-08-27,282,-0.02076713992096609
2025-08-27,283,-0.020656670316787328
2025-08-27,284,-0.021156378830558844
2025-08-27,285,-0.021572993426427683
2025-08-27,286,-0.020700523623597485
2025-08-27,287,-0.02003515935929854
2025-08-27,288,-0.019657447252962187
2025-08-27,289,-0.019519376675388847
2025-08-27,290,-0.019048194970694474
2025-08-27,291,-0.01879883568423226
2025-08-27,292,-0.019048194970694474
2025-08-27,293,-0.018803268195371828
2025-08-27,294,-0.01771899672448622
2025-08-27,295,-0.017710141328672116
2025-08-27,296,-0.01816186652800463
2025-08-27,297,-0.017331093221822826
2025-08-27,298,-0.01713360246023583
2025-08-27,299,-0.016900757298726574
2025-08-27,300,-0.017099861441358902
2025-08-27,301,-0.01720164109182257
2025-08-27,302,-0.017525302843223768
2025-08-27,303,-0.017651476311988226
2025-08-27,304,-0.01758064012396378
2025-08-27,305,-0.01792712110390864
2025-08-27,306,-0.018416051654227102
2025-08-27,307,-0.01860493255208917
2025-08-27,308,-0.018568926109701827
2025-08-27,309,-0.01816186652800463
2025-08-27,310,-0.017525302843223768
2025-08-27,311,-0.016779102057364718
2025-08-27,312,-0.015618039463595282
2025-08-27,313,-0.015783744123037152
2025-08-27,314,-0.01622575750113823
2025-08-27,315,-0.015645655000097916
2025-08-27,316,-0.014680116477306878
2025-08-27,317,-0.01451404288425407
2025-08-27,318,-0.014450048462780342
2025-08-27,319,-0.015066440821262569
2025-08-27,320,-0.015010690522970214
2025-08-27,321,-0.01520389790409315
2025-08-27,322,-0.01506588882287657
2025-08-27,323,-0.014403710231193438
2025-08-27,324,-0.014127931844955382
2025-08-27,325,-0.013549044670436208
2025-08-27,326,-0.013544635387573108
2025-08-27,327,-0.014431292253233153
2025-08-27,328,-0.014928450707759134
2025-08-27,329,-0.01520389790409315
2025-08-27,330,-0.01480372403010639
2025-08-27,331,-0.014512939497463405
2025-08-27,332,-0.014735296532600237
2025-08-27,333,-0.016059979587902555
2025-08-27,334,-0.016541364083298433
2025-08-27,335,-0.016004726390109473
2025-08-27,336,-0.015784296517820488
2025-08-27,337,-0.016502115109640107
2025-08-27,338,-0.016972098392415848
2025-08-27,339,-0.01644628471683125
2025-08-27,340,-0.016198125940367715
2025-08-27,341,-0.01702740506794566
2025-08-27,342,-0.01713802759633642
2025-08-27,343,-0.017221002524126606
2025-08-27,344,-0.017963658044143398
2025-08-27,345,-0.01896506829945402
2025-08-27,346,-0.018660329610519624
2025-08-27,347,-0.018854243485664966
2025-08-27,348,-0.018871420527496127
2025-08-27,349,-0.01896506829945402
2025-08-27,350,-0.01921446904617806
2025-08-27,351,-0.019409044817562743
2025-08-27,352,-0.020101731345831222
2025-08-27,353,-0.02151743478426663
2025-08-27,354,-0.021156378830558844
2025-08-27,355,-0.021100287990039646
2025-08-27,356,-0.021075298034612035
2025-08-27,357,-0.020129470981611514
2025-08-27,358,-0.02060116255956414
2025-08-27,359,-0.02101754586028212
2025-08-27,360,-0.021345778082803635
2025-08-27,361,-0.020401915092719446
2025-08-27,362,-0.020659356970410263
2025-08-27,363,-0.020628916053036846
2025-08-27,364,-0.02046240664487055
2025-08-27,365,-0.01890965435729213
2025-08-27,366,-0.01946448644059717
2025-08-27,367,-0.01918675478025786
2025-08-27,368,-0.018771132934732555
2025-08-27,369,-0.0183268856800145
2025-08-27,370,-0.01687476607214656
2025-08-27,371,-0.016308656764763823
2025-08-27,372,-0.01711756150601989
2025-08-27,373,-0.01780201987415548
2025-08-27,374,-0.01771899672448622
2025-08-27,375,-0.017552971100816942
2025-08-27,376,-0.016969886189016965
2025-08-27,377,-0.016972098392415848
2025-08-27,378,-0.01724866236342486
2025-08-27,379,-0.017497082009108135
2025-08-27,380,-0.017774344725053917
2025-08-27,381,-0.018257109158678116
2025-08-27,382,-0.01636392675869817
2025-08-27,383,-0.016603281089100294
2025-08-27,384,-0.016032352607391474
2025-08-27,385,-0.01968572912115335
2025-08-27,386,-0.019075905396743982
2025-08-27,387,-0.01918675478025786
2025-08-27,388,-0.01921446904617806
2025-08-27,389,-0.02037916233665214
2025-11-19,0,0.0
2025-11-19,1,0.003266141831338037
2025-11-19,2,-0.004046693312199054
2025-11-19,3,-0.009540643069669737
2025-11-19,4,-0.007515772826149407
2025-11-19,5,-0.00241877940795303
2025-11-19,6,-0.0028585845896445753
2025-11-19,7,-0.0010538125189123628
2025-11-19,8,-0.00438271916350295
2025-11-19,9,-0.004201768136112218
2025-11-19,10,-0.006199730476205408
2025-11-19,11,-0.004831619056023555
2025-11-19,12,-0.004047210188334086
2025-11-19,13,0.0013144206160060604
2025-11-19,14,-0.0001776178363866892
2025-11-19,15,-0.004822308025711453
2025-11-19,16,-0.002138142054026911
2025-11-19,17,0.0025737168251473513
2025-11-19,18,0.001263008055906268
2025-11-19,19,-0.0005896067185145175
2025-11-19,20,0.001417237807131054
2025-11-19,21,0.00494362984861879
2025-11-19,22,0.003830403561151995
2025-11-19,23,0.006672514780257094
2025-11-19,24,0.0071581936538267004
2025-11-19,25,0.007530217467641416
2025-11-19,26,0.007612473279686551
2025-11-19,27,0.004496848104312567
2025-11-19,28,0.004753054710720302
2025-11-19,29,0.005316478292096172
2025-11-19,30,0.006544153904986987
2025-11-19,31,0.004239550618309187
2025-11-19,32,0.002306165577345421
2025-11-19,33,0.0028042362058400437
2025-11-19,34,0.0037580932545171913
2025-11-19,35,0.00041431897234255245
2025-11-19,36,-0.0023424555459287517
2025-11-19,37,-0.0006411172653102884
2025-11-19,38,-0.002703717903740232
2025-11-19,39,-0.0014140940371980954
2025-11-19,40,-0.0019555335058918733
2025-11-19,41,-0.002136078494324386
2025-11-19,42,-0.0037350656442721166
2025-11-19,43,-0.0034782912816521405
2025-11-19,44,-0.005236215316388715
2025-11-19,45,-0.004630933829092953
2025-11-19,46,-0.006375862604766798
2025-11-19,47,-0.0032716797106692843
2025-11-19,48,-0.001960175683010987
2025-11-19,49,-0.0008564600810852022
2025-11-19,50,-0.00012613115855327484
2025-11-19,51,-0.0015594804172249775
2025-11-19,52,-0.0016203221261945546
2025-11-19,53,-0.001001765405441324
2025-11-19,54,-0.001079064074654449
2025-11-19,55,-0.0022046941376346572
2025-11-19,56,-0.0014398702225817558
2025-11-19,57,-0.0006153616602454046
2025-11-19,58,-0.0015687611166186374
2025-11-19,59,-0.001723452121645187
2025-11-19,60,-0.0009244727108507447
2025-11-19,61,-0.002497782365996772
2025-11-19,62,-0.0008214250769907717
2025-11-19,63,-0.0011563687194136299
2025-11-19,64,-0.00128883123645185
2025-11-19,65,-0.0006411172653102884
2025-11-19,66,-7.413230457566313e-05
2025-11-19,67,0.0019568546922457443
2025-11-19,68,-0.0005896067185145175
2025-11-19,69,-0.001001765405441324
2025-11-19,70,-0.002806959696109303
2025-11-19,71,-0.0023935404420712537
2025-11-19,72,-0.001723452121645187
2025-11-19,73,-0.0035816130774769432
2025-11-19,74,-0.0022939531102199014
2025-11-19,75,-0.002136078494324386
2025-11-19,76,-0.0031167490418335395
2025-11-19,77,-0.002652617160161643
2025-11-19,78,-0.004537846109364482
2025-11-19,79,-0.005080980005218264
2025-11-19,80,-0.005236215316388715
2025-11-19,81,-0.007256470348357991
2025-11-19,82,-0.008397904528528045
2025-11-19,83,-0.006687277948556681
2025-11-19,84,-0.008086475064783922
2025-11-19,85,-0.010059981686213899
2025-11-19,86,-0.010996928758984755
2025-11-19,87,-0.007983205707331057
2025-11-19,88,-0.009182098134692705
2025-11-19,89,-0.009815094739829892
2025-11-19,90,-0.012403215612793155
2025-11-19,91,-0.010944882021002382
2025-11-19,92,-0.011491507921253407
2025-11-19,93,-0.013968079528186099
2025-11-19,94,-0.014832412028800908
2025-11-19,95,-0.01571840979466504
2025-11-19,96,-0.014969311435122144
2025-11-19,97,-0.017681375811356013
2025-11-19,98,-0.01736756600319354
2025-11-19,99,-0.018205484838028304
2025-11-19,100,-0.019669728009722498
2025-11-19,101,-0.01872986869902188
2025-11-19,102,-0.021881959567336948
2025-11-19,103,-0.019254002886221967
2025-11-19,104,-0.023040220200144138
2025-11-19,105,-0.024844512499820986
2025-11-19,106,-0.025840851156781194
2025-11-19,107,-0.02192300224067295
2025-11-19,108,-0.02795138049513077
2025-11-19,109,-0.026015732572206206
2025-11-19,110,-0.024199823956482278
2025-11-19,111,-0.02456907096054593
2025-11-19,112,-0.029646304686277398
2025-11-19,113,-0.026893179338182957
2025-11-19,114,-0.025651222171396145
2025-11-19,115,-0.02256622414123684
2025-11-19,116,-0.023514441037863886
2025-11-19,117,-0.02083173513457891
2025-11-19,118,-0.021855651047321203
2025-11-19,119,-0.023461738726855422
2025-11-19,120,-0.023883435006363803
2025-11-19,121,-0.026311645658925135
2025-11-19,122,-0.026311645658925135
2025-11-19,123,-0.027161856359345888
2025-11-19,124,-0.027977849876675235
2025-11-19,125,-0.031079614005044616
2025-11-19,126,-0.032461270086249265
2025-11-19,127,-0.0338980901721933
2025-11-19,128,-0.036564331819939386
2025-11-19,129,-0.03315281465193748
2025-11-19,130,-0.036163942101936845
2025-11-19,131,-0.03741903272667107
2025-11-19,132,-0.03940368575634754
2025-11-19,133,-0.0340046034598267
2025-11-19,134,-0.0375259217225508
2025-11-19,135,-0.035496981948089354
2025-11-19,136,-0.03668287793211279
2025-11-19,137,-0.03573703636157555
2025-11-19,138,-0.03307299663696896
2025-11-19,139,-0.03405786435835057
2025-11-19,140,-0.034275198226640866
2025-11-19,141,-0.032354921048607856
2025-11-19,142,-0.0372047547025206
2025-11-19,143,-0.038434939778354396
2025-11-19,144,-0.044928991850873706
2025-11-19,145,-0.04568309907756139
2025-11-19,146,-0.04484015237701415
2025-11-19,147,-0.045481799154385806
2025-11-19,148,-0.04924585588257014
2025-11-19,149,-0.047390018987688236
2025-11-19,150,-0.04541370978146296
2025-11-19,151,-0.03929124167707901
2025-11-19,152,-0.042455207314250856
2025-11-19,153,-0.04509053839009056
2025-11-19,154,-0.04279364678919344
2025-11-19,155,-0.04509053839009056
2025-11-19,156,-0.04902956951858203
2025-11-19,157,-0.05043626779740051
2025-11-19,158,-0.04524726347172928
2025-11-19,159,-0.04794883883952491
2025-11-19,160,-0.04936537416454783
2025-11-19,161,-0.05382587174781418
2025-11-19,162,-0.05303628812795878
2025-11-19,163,-0.05684550162153405
2025-11-19,164,-0.05349997076451086
2025-11-19,165,-0.052984177993177256
2025-11-19,166,-0.05869987902775321
2025-11-19,167,-0.058263245465527545
2025-11-19,168,-0.05747996614714484
2025-11-19,169,-0.056409676816204665
2025-11-19,170,-0.06077266666821384
2025-11-19,171,-0.05333706009350163
2025-11-19,172,-0.05646359983865208
2025-11-19,173,-0.05401548635533541
2025-11-19,174,-0.05706348527362353
2025-11-19,175,-0.05884946986433774
2025-11-19,176,-0.05483140224983296
2025-11-19,177,-0.05553859662175201
2025-11-19,178,-0.054641089184266495
2025-11-19,179,-0.05594573216758687
2025-11-19,180,-0.053011318349531704
2025-11-19,181,-0.05703623471839164
2025-11-19,182,-0.05852684017300245
2025-11-19,183,-0.05859070276256483
2025-11-19,184,-0.059519081170723936
2025-11-19,185,-0.06376289832984852
2025-11-19,186,-0.06332240364116433
2025-11-19,187,-0.06170635924362803
2025-11-19,188,-0.05818139789294438
2025-11-19,189,-0.05681880189079118
2025-11-19,190,-0.05662756547596193
2025-11-19,191,-0.057291328973831546
2025-11-19,192,-0.05848153841553217
2025-11-19,193,-0.06080384865421911
2025-11-19,194,-0.05962835884540385
2025-11-19,195,-0.06165215278105467
2025-11-19,196,-0.06293966545737169
2025-11-19,197,-0.06335092295148138
2025-11-19,198,-0.06192595285395314
2025-11-19,199,-0.062364188960665576
2025-11-19,200,-0.05894174690410111
2025-11-19,201,-0.057390004675129204
2025-11-19,202,-0.05788134742766084
2025-11-19,203,-0.06127881030507048
2025-11-19,204,-0.059249762689614745
2025-11-19,205,-0.05619183562157353
2025-11-19,206,-0.05608402178655814
2025-11-19,207,-0.0560284858621512
2025-11-19,208,-0.05472264749170502
2025-11-19,209,-0.055864074050479745
2025-11-19,210,-0.05417905104431177
2025-11-19,211,-0.056082932817218614
2025-11-19,212,-0.05439645416490274
2025-11-19,213,-0.052088959215180565
2025-11-19,214,-0.051763623710074334
2025-11-19,215,-0.050327989956354784
2025-11-19,216,-0.04859713707941096
2025-11-19,217,-0.052984177993177256
2025-11-19,218,-0.050855413558494725
2025-11-19,219,-0.05005734663553303
2025-11-19,220,-0.050841330874724935
2025-11-19,221,-0.049732671308005585
2025-11-19,222,-0.04665350187083988
2025-11-19,223,-0.046734411292786264
2025-11-19,224,-0.045036686643934634
2025-11-19,225,-0.046869274878473824
2025-11-19,226,-0.04924585588257014
2025-11-19,227,-0.05119454113709642
2025-11-19,228,-0.05222454692029531
2025-11-19,229,-0.04952709810969891
2025-11-19,230,-0.05043626779740051
2025-11-19,231,-0.05287182475447685
2025-11-19,232,-0.05027385543204877
2025-11-19,233,-0.049796515795840414
2025-11-19,234,-0.052441525494512385
2025-11-19,235,-0.05189916730788012
2025-11-19,236,-0.052433387948280945
2025-11-19,237,-0.05162809848184584
2025-11-19,238,-0.05124872552658711
2025-11-19,239,-0.05141129631297491
2025-11-19,240,-0.05184494766408997
2025-11-19,241,-0.05084241415105086
2025-11-19,242,-0.05283491919850415
2025-11-19,243,-0.0563824440715508
2025-11-19,244,-0.053635749933479256
2025-11-19,245,-0.055946820987529275
2025-11-19,246,-0.05695448750796973
2025-11-19,247,-0.05684550162153405
2025-11-19,248,-0.05831235722480247
2025-11-19,249,-0.059054784230839666
2025-11-19,250,-0.060120256212740364
2025-11-19,251,-0.059673166143973805
2025-11-19,252,-0.05930056163967146
2025-11-19,253,-0.058754471630469145
2025-11-19,254,-0.05995626353737898
2025-11-19,255,-0.061104777432120186
2025-11-19,256,-0.06154210627397569
2025-11-19,257,-0.06099752697264609
2025-11-19,258,-0.06148790871400235
2025-11-19,259,-0.06121368124963493
2025-11-19,260,-0.06398184645236497
2025-11-19,261,-0.06488778038115221
2025-11-19,262,-0.06514268790164508
2025-11-19,263,-0.06532731667744343
2025-11-19,264,-0.06560212500036881
2025-11-19,265,-0.06637199031197037
2025-11-19,266,-0.06634448491403427
2025-11-19,267,-0.06716997612815552
2025-11-19,268,-0.06299449001878886
2025-11-19,269,-0.06406417017673682
2025-11-19,270,-0.06475046489861595
2025-11-19,271,-0.06411905642500103
2025-11-19,272,-0.06598698356959673
2025-11-19,273,-0.06777576973628423
2025-11-19,274,-0.06785840639670841
2025-11-19,275,-0.06728009312757839
2025-11-19,276,-0.06840728710168131
2025-11-19,277,-0.06791350129768918
2025-11-19,278,-0.06984373766150842
2025-11-19,279,-0.06664708590942485
2025-11-19,280,-0.06472300406462857
2025-11-19,281,-0.06466808465884281
2025-11-19,282,-0.06824413446320753
2025-11-19,283,-0.06802370020683159
2025-11-19,284,-0.06664708590942485
2025-11-19,285,-0.06761877889238384
2025-11-19,286,-0.06802370020683159
2025-11-19,287,-0.06543173494414015
2025-11-19,288,-0.06555375325913063
2025-11-19,289,-0.06621246953405086
2025-11-19,290,-0.06447589048722581
2025-11-19,291,-0.06519268816264598
2025-11-19,292,-0.06654804277605936
2025-11-19,293,-0.06444788813392816
2025-11-19,294,-0.06664708590942485
2025-11-19,295,-0.062225576026651463
2025-11-19,296,-0.06324123774790552
2025-11-19,297,-0.0601749264147603
2025-11-19,298,-0.05968300216117377
2025-11-19,299,-0.06121422853494927
2025-11-19,300,-0.0645033445360134
2025-11-19,301,-0.06458571120501466
2025-11-19,302,-0.06549219260867896
2025-11-19,303,-0.06670211411139215
2025-11-19,304,-0.0662894763876989
2025-11-19,305,-0.06623447088713492
2025-11-19,306,-0.06565709572846999
2025-11-19,307,-0.06494271185415351
2025-11-19,308,-0.06654694235190074
2025-11-19,309,-0.06587700886366815
2025-11-19,310,-0.06604197545830692
2025-11-19,311,-0.06477792648672122
2025-11-19,312,-0.06296707736236365
2025-11-19,313,-0.06527236407404997
2025-11-19,314,-0.06252912503187323
2025-11-19,315,-0.06283166986370617
2025-11-19,316,-0.06488778038115221
2025-11-19,317,-0.06458571120501466
2025-11-19,318,-0.0635703294577646
2025-11-19,319,-0.06428373324711051
2025-11-19,320,-0.06258337905415089
2025-11-19,321,-0.06230939894339285
2025-11-19,322,-0.06217243703228631
2025-11-19,323,-0.0611595014860918
2025-11-19,324,-0.06039363711605306
2025-11-19,325,-0.058263245465527545
2025-11-19,326,-0.06028427578611045
2025-11-19,327,-0.05744507103965348
2025-11-19,328,-0.05706348527362353
2025-11-19,329,-0.05635303354029096
2025-11-19,330,-0.05853611909944161
2025-11-19,331,-0.06318639965735393
2025-11-19,332,-0.06383258338361235
2025-11-19,333,-0.062090268888829216
2025-11-19,334,-0.06353522118164309
2025-11-19,335,-0.061542653739061794
2025-11-19,336,-0.06039910549651023
2025-11-19,337,-0.06307673249707528
2025-11-19,338,-0.06258337905415089
2025-11-19,339,-0.062035493877175905
2025-11-19,340,-0.06263818408526638
2025-11-19,341,-0.06510752438027854
2025-11-19,342,-0.06398678568471503
2025-11-19,343,-0.06406417017673682
2025-11-19,344,-0.062364188960665576
2025-11-19,345,-0.061378427654116254
2025-11-19,346,-0.062254611927901896
2025-11-19,347,-0.06332350052267524
2025-11-19,348,-0.06373491593461399
2025-11-19,349,-0.06415473410189403
2025-11-19,350,-0.06318420619628083
2025-11-19,351,-0.06072179288360083
2025-11-19,352,-0.061268958579020656
2025-11-19,353,-0.06336298905839065
2025-11-19,354,-0.06571206947851811
2025-11-19,355,-0.06521741449027921
2025-11-19,356,-0.06675659501433572
2025-11-19,357,-0.06465435527865546
2025-11-19,358,-0.06335092295148138
2025-11-19,359,-0.06307673249707528
2025-11-19,360,-0.06351547331797724
2025-11-19,361,-0.06373491593461399
2025-11-19,362,-0.06477188487263254
2025-11-19,363,-0.06369815593870284
2025-11-19,364,-0.06543723094442588
2025-11-19,365,-0.06686721688824557
2025-11-19,366,-0.0669222572052916
2025-11-19,367,-0.06978025637535636
2025-11-19,368,-0.07177826014201663
2025-11-19,369,-0.0706168766441332
2025-11-19,370,-0.07128004328905115
2025-11-19,371,-0.07216495015504756
2025-11-19,372,-0.07128004328905115
2025-11-19,373,-0.07290610893726361
2025-11-19,374,-0.0711694849694249
2025-11-19,375,-0.07105893887158962
2025-11-19,376,-0.07421430144971124
2025-11-19,377,-0.07382626408238759
2025-11-19,378,-0.07355916014689072
2025-11-19,379,-0.07687363385381063
2025-11-19,380,-0.07067212373676893
2025-11-19,381,-0.07069974842771948
2025-11-19,382,-0.0701750097493436
2025-11-19,383,-0.07072737388181466
2025-11-19,384,-0.07249699221675902
2025-11-19,385,-0.06968476603098585
2025-11-19,386,-0.0711694849694249
2025-11-19,387,-0.0719713098551299
2025-11-19,388,-0.07287897693647899
2025-11-19,389,-0.0711694849694249
2026-02-25,0,0.0
2026-02-25,1,-0.0016346427743144242
2026-02-25,2,-0.008674703126221544
2026-02-25,3,-0.008444137054197304
2026-02-25,4,-0.012176235356262402
2026-02-25,5,-0.015033567400550223
2026-02-25,6,-0.018162390597982383
2026-02-25,7,-0.017688494372384875
2026-02-25,8,-0.013218608709317785
2026-02-25,9,-0.010293291131332368
2026-02-25,10,-0.01374806843687896
2026-02-25,11,-0.012752287321604095
2026-02-25,12,-0.015217345082580746
2026-02-25,13,-0.017793785238499615
2026-02-25,14,-0.01755689637774844
2026-02-25,15,-0.02328477292660697
2026-02-25,16,-0.020060224474587406
2026-02-25,17,-0.022702094340441112
2026-02-25,18,-0.025404011165240607
2026-02-25,19,-0.022860828698826243
2026-02-25,20,-0.019664545286106797
2026-02-25,21,-0.01951686518204038
2026-02-25,22,-0.02527139396459528
2026-02-25,23,-0.02159165877700788
2026-02-25,24,-0.02114254708595064
2026-02-25,25,-0.01916357629615593
2026-02-25,26,-0.018794601777566776
2026-02-25,27,-0.018952717043925156
2026-02-25,28,-0.020614438494552672
2026-02-25,29,-0.02069363700566219
2026-02-25,30,-0.023162493414016327
2026-02-25,31,-0.026465582390199287
2026-02-25,32,-0.026518690544968984
2026-02-25,33,-0.02458206788607748
2026-02-25,34,-0.0250321970075676
2026-02-25,35,-0.02513879434893992
2026-02-25,36,-0.023866731846354218
2026-02-25,37,-0.02373431834528013
2026-02-25,38,-0.023813764341905644
2026-02-25,39,-0.025165312865495743
2026-02-25,40,-0.025350962174485278
2026-02-25,41,-0.026571801520364466
2026-02-25,42,-0.031243307889728116
2026-02-25,43,-0.03064317584267
2026-02-25,44,-0.033981809571094895
2026-02-25,45,-0.03350035879013649
2026-02-25,46,-0.03604396967733362
2026-02-25,47,-0.03647300462344752
2026-02-25,48,-0.038862877003254886
2026-02-25,49,-0.03655400562420288
2026-02-25,50,-0.03999266864999323
2026-02-25,51,-0.03964660160694912
2026-02-25,52,-0.03902150879097789
2026-02-25,53,-0.03872846298098166
2026-02-25,54,-0.04026131645675909
2026-02-25,55,-0.03585632475458866
2026-02-25,56,-0.035280206835454735
2026-02-25,57,-0.038862877003254886
2026-02-25,58,-0.03975046296235796
2026-02-25,59,-0.03824472204169095
2026-02-25,60,-0.03983119167356783
2026-02-25,61,-0.03832532928295167
2026-02-25,62,-0.04303869836548931
2026-02-25,63,-0.04284973644075477
2026-02-25,64,-0.045471394991748744
2026-02-25,65,-0.04160887415211058
2026-02-25,66,-0.041554958530045975
2026-02-25,67,-0.03964283481749411
2026-02-25,68,-0.03714427721456004
2026-02-25,69,-0.03666076530959398
2026-02-25,70,-0.03749270094966002
2026-02-25,71,-0.035454347018742005
2026-02-25,72,-0.03649982542029508
2026-02-25,73,-0.035139845130611864
2026-02-25,74,-0.03497218693225543
2026-02-25,75,-0.03537397085826802
2026-02-25,76,-0.03880910922627062
2026-02-25,77,-0.03727096270886474
2026-02-25,78,-0.03667900679792824
2026-02-25,79,-0.03666076530959398
2026-02-25,80,-0.037143740445763254
2026-02-25,81,-0.038083527049132974
2026-02-25,82,-0.03730478400839494
2026-02-25,83,-0.038251707745448185
2026-02-25,84,-0.03666076530959398
2026-02-25,85,-0.03778807036496221
2026-02-25,86,-0.037734360345345205
2026-02-25,87,-0.03633891142847628
2026-02-25,88,-0.03660765228264579
2026-02-25,89,-0.03698808965069066
2026-02-25,90,-0.03368060821410711
2026-02-25,91,-0.03414234468849644
2026-02-25,92,-0.03497218693225543
2026-02-25,93,-0.03371430829886871
2026-02-25,94,-0.0325915837028681
2026-02-25,95,-0.03163025058033853
2026-02-25,96,-0.032484723262501417
2026-02-25,97,-0.03168363373796503
2026-02-25,98,-0.03197729205527759
2026-02-25,99,-0.0325915837028681
2026-02-25,100,-0.03285878477326216
2026-02-25,101,-0.03243129732419561
2026-02-25,102,-0.03189719487065068
2026-02-25,103,-0.03082984499880079
2026-02-25,104,-0.03176371381808792
2026-02-25,105,-0.03080317584301114
2026-02-25,106,-0.03022356413462487
2026-02-25,107,-0.0310432238537658
2026-02-25,108,-0.030243287805989838
2026-02-25,109,-0.03171032638547694
2026-02-25,110,-0.03179040860326319
2026-02-25,111,-0.03168416758393298
2026-02-25,112,-0.03149680515264824
2026-02-25,113,-0.030630376948494083
2026-02-25,114,-0.030829311608714622
2026-02-25,115,-0.029284208448586205
2026-02-25,116,-0.028857713693837148
2026-02-25,117,-0.028565502089041135
2026-02-25,118,-0.02859211163388641
2026-02-25,119,-0.028991339798081817
2026-02-25,120,-0.02859211163388641
2026-02-25,121,-0.029550527127089103
2026-02-25,122,-0.02880501348693668
2026-02-25,123,-0.028884863369200545
2026-02-25,124,-0.028698556894511677
2026-02-25,125,-0.028911481413574365
2026-02-25,126,-0.03077650739844662
2026-02-25,127,-0.03157687027232154
2026-02-25,128,-0.03149680515264824
2026-02-25,129,-0.03152349281360974
2026-02-25,130,-0.03189345715871242
2026-02-25,131,-0.03093652873496628
2026-02-25,132,-0.031363911205291556
2026-02-25,133,-0.03280533884716499
2026-02-25,134,-0.03483829482231748
2026-02-25,135,-0.03529360115760176
2026-02-25,136,-0.03551329364259115
2026-02-25,137,-0.03459465717722218
2026-02-25,138,-0.034356431608603445
2026-02-25,139,-0.0344640275906128
2026-02-25,140,-0.03492933950657586
2026-02-25,141,-0.03462410472779035
2026-02-25,142,-0.03432966823695232
2026-02-25,143,-0.034195862121813164
2026-02-25,144,-0.03510609697169113
2026-02-25,145,-0.03620483621207919
2026-02-25,146,-0.03625846414151763
2026-02-25,147,-0.03800293929574171
2026-02-25,148,-0.039077977025594214
2026-02-25,149,-0.03931195082966369
2026-02-25,150,-0.03649982542029508
2026-02-25,151,-0.036741244968403565
2026-02-25,152,-0.037170579238556045
2026-02-25,153,-0.03585632475458866
2026-02-25,154,-0.03446349225856372
2026-02-25,155,-0.03424991763684019
2026-02-25,156,-0.034195862121813164
2026-02-25,157,-0.032751895777382405
2026-02-25,158,-0.032778616955253484
2026-02-25,159,-0.0325915837028681
2026-02-25,160,-0.03280587329228682
2026-02-25,161,-0.03147011820389874
2026-02-25,162,-0.03117660876279504
2026-02-25,163,-0.03187743855149789
2026-02-25,164,-0.03326827533744694
2026-02-25,165,-0.03513288113154056
2026-02-25,166,-0.033741055206259106
2026-02-25,167,-0.033073666223138294
2026-02-25,168,-0.03304586801248594
2026-02-25,169,-0.03254349509157786
2026-02-25,170,-0.03224432901477931
2026-02-25,171,-0.032484723262501417
2026-02-25,172,-0.031923893219359366
2026-02-25,173,-0.032297744964794615
2026-02-25,174,-0.03133669414200568
2026-02-25,175,-0.031418347554269706
2026-02-25,176,-0.03125664824898417
2026-02-25,177,-0.03173061327411471
2026-02-25,178,-0.031123252664180263
2026-02-25,179,-0.030323252621513655
2026-02-25,180,-0.028805545798374015
2026-02-25,181,-0.028219642424802002
2026-02-25,182,-0.028086651321710822
2026-02-25,183,-0.028565502089041135
2026-02-25,184,-0.028752316057201775
2026-02-25,185,-0.030483201438233454
2026-02-25,186,-0.03106989941228697
2026-02-25,187,-0.03216474454182832
2026-02-25,188,-0.03285878477326216
2026-02-25,189,-0.03288550880752393
2026-02-25,190,-0.033233520932122125
2026-02-25,191,-0.034195862121813164
2026-02-25,192,-0.034094181447208105
2026-02-25,193,-0.034757968160516454
2026-02-25,194,-0.03542755424743013
2026-02-25,195,-0.035695514269398466
2026-02-25,196,-0.03564191652049104
2026-02-25,197,-0.03534718024034084
2026-02-25,198,-0.0358027183861392
2026-02-25,199,-0.03671549077288279
2026-02-25,200,-0.03666130181920708
2026-02-25,201,-0.03639254654876583
2026-02-25,202,-0.03572231422116012
2026-02-25,203,-0.03577323610833637
2026-02-25,204,-0.03526627693073506
2026-02-25,205,-0.03596354611318586
2026-02-25,206,-0.0356151187232684
2026-02-25,207,-0.03521270218242987
2026-02-25,208,-0.0347847429975262
2026-02-25,209,-0.034650875980820534
2026-02-25,210,-0.03633891142847628
2026-02-25,211,-0.03752008608044876
2026-02-25,212,-0.03784178326950049
2026-02-25,213,-0.03846667633130451
2026-02-25,214,-0.038862877003254886
2026-02-25,215,-0.03838713256848787
2026-02-25,216,-0.039723554840139674
2026-02-25,217,-0.03972409299548845
2026-02-25,218,-0.041932428943544084
2026-02-25,219,-0.041932428943544084
2026-02-25,220,-0.04123152582818066
2026-02-25,221,-0.04136627674132207
2026-02-25,222,-0.04398458441272687
2026-02-25,223,-0.042930715750585505
2026-02-25,224,-0.04328170189023625
2026-02-25,225,-0.04376680549205497
2026-02-25,226,-0.044038090710133496
2026-02-25,227,-0.043065695841227054
2026-02-25,228,-0.04285459501442331
2026-02-25,229,-0.04219890099009957
2026-02-25,230,-0.04295825020982799
2026-02-25,231,-0.04365982478468072
2026-02-25,232,-0.041994455569167116
2026-02-25,233,-0.04303869836548931
2026-02-25,234,-0.04131237419710876
2026-02-25,235,-0.04163583305326737
2026-02-25,236,-0.041948609431493956
2026-02-25,237,-0.042148190312308154
2026-02-25,238,-0.04244493822713396
2026-02-25,239,-0.042229112829042716
2026-02-25,240,-0.0427687636880419
2026-02-25,241,-0.04355123486252927
2026-02-25,242,-0.04366306645615133
2026-02-25,243,-0.041339864131617055
2026-02-25,244,-0.04053219081444918
2026-02-25,245,-0.04085431984229887
2026-02-25,246,-0.03996575400977309
2026-02-25,247,-0.039373815123630286
2026-02-25,248,-0.039562121310044926
2026-02-25,249,-0.03929312332590772
2026-02-25,250,-0.039562121310044926
2026-02-25,251,-0.039562121310044926
2026-02-25,252,-0.04058658993976793
2026-02-25,253,-0.040062650104936225
2026-02-25,254,-0.04080098362125454
2026-02-25,255,-0.04026131645675909
2026-02-25,256,-0.04139322910302436
2026-02-25,257,-0.04131237419710876
2026-02-25,258,-0.04257985275898287
2026-02-25,259,-0.043175313080078596
2026-02-25,260,-0.04501143205124038
2026-02-25,261,-0.044626308211858416
2026-02-25,262,-0.04428133724169145
2026-02-25,263,-0.043661445619102526
2026-02-25,264,-0.04346728834775387
2026-02-25,265,-0.04325469858232943
2026-02-25,266,-0.042417957504858425
2026-02-25,267,-0.04225608845656485
2026-02-25,268,-0.042633823668675595
2026-02-25,269,-0.04295771031118315
2026-02-25,270,-0.04257985275898287
2026-02-25,271,-0.04136573770149752
2026-02-25,272,-0.04115068399518268
2026-02-25,273,-0.03956050710634368
2026-02-25,274,-0.039044095702186456
2026-02-25,275,-0.0388085715630998
2026-02-25,276,-0.03843281571289349
2026-02-25,277,-0.03751954910989165
2026-02-25,278,-0.036633940195920756
2026-02-25,279,-0.03596354611318586
2026-02-25,280,-0.035416837339900836
2026-02-25,281,-0.03741216079363715
2026-02-25,282,-0.038190987490361594
2026-02-25,283,-0.038083527049132974
2026-02-25,284,-0.03794921773458017
2026-02-25,285,-0.03741216079363715
2026-02-25,286,-0.037619967618879244
2026-02-25,287,-0.03733162712380861
2026-02-25,288,-0.03811039107685823
2026-02-25,289,-0.039427613272986856
2026-02-25,290,-0.039804281379033066
2026-02-25,291,-0.04010033445543756
2026-02-25,292,-0.0416627926812261
2026-02-25,293,-0.041250389862955726
2026-02-25,294,-0.041743675926306005
2026-02-25,295,-0.0422830648117911
2026-02-25,296,-0.04115068399518268
2026-02-25,297,-0.041959396568911435
2026-02-25,298,-0.041932428943544084
2026-02-25,299,-0.04252642442754501
2026-02-25,300,-0.041932428943544084
2026-02-25,301,-0.0416627926812261
2026-02-25,302,-0.041501045814718966
2026-02-25,303,-0.04168975303602597
2026-02-25,304,-0.04168144916928736
2026-02-25,305,-0.042363458666182865
2026-02-25,306,-0.04322769600358155
2026-02-25,307,-0.0441461929749812
2026-02-25,308,-0.0441461929749812
2026-02-25,309,-0.04393162140251302
2026-02-25,310,-0.04387595922114102
2026-02-25,311,-0.043389722414240925
2026-02-25,312,-0.04249890185566149
2026-02-25,313,-0.04193296828892443
2026-02-25,314,-0.04257985275898287
2026-02-25,315,-0.0410698486970586
2026-02-25,316,-0.04125847455822336
2026-02-25,317,-0.04069270368033101
2026-02-25,318,-0.041773334755404484
2026-02-25,319,-0.04249890185566149
2026-02-25,320,-0.042930715750585505
2026-02-25,321,-0.04177117771999088
2026-02-25,322,-0.04182456571401443
2026-02-25,323,-0.04163583305326737
2026-02-25,324,-0.041624510226259355
2026-02-25,325,-0.040726640907775814
2026-02-25,326,-0.04012725271813448
2026-02-25,327,-0.040611905393210725
2026-02-25,328,-0.04128488501827619
2026-02-25,329,-0.041986364921551216
2026-02-25,330,-0.0427687636880419
2026-02-25,331,-0.04249890185566149
2026-02-25,332,-0.04271478549521875
2026-02-25,333,-0.0427687636880419
2026-02-25,334,-0.04284973644075477
2026-02-25,335,-0.04268779749138462
2026-02-25,336,-0.042930715750585505
2026-02-25,337,-0.04355177508171218
2026-02-25,338,-0.04425430692719213
2026-02-25,339,-0.04463279783441134
2026-02-25,340,-0.04438946580666029
2026-02-25,341,-0.044470569903813525
2026-02-25,342,-0.04490323621667447
2026-02-25,343,-0.044984381995109894
2026-02-25,344,-0.047503172682857815
2026-02-25,345,-0.04744893833623288
2026-02-25,346,-0.046516025839017455
2026-02-25,347,-0.04585034692352491
2026-02-25,348,-0.04517374775564114
2026-02-25,349,-0.04501143205124038
2026-02-25,350,-0.045552586888842034
2026-02-25,351,-0.04522785884572219
2026-02-25,352,-0.04482209702234213
2026-02-25,353,-0.04544433249090142
2026-02-25,354,-0.04436189191200003
2026-02-25,355,-0.043524764480049424
2026-02-25,356,-0.04387595922114102
2026-02-25,357,-0.043902979310579245
2026-02-25,358,-0.045518485489138755
2026-02-25,359,-0.045823815613464165
2026-02-25,360,-0.04576913084811185
2026-02-25,361,-0.04430836828684843
2026-02-25,362,-0.04384893986176842
2026-02-25,363,-0.04346372320775762
2026-02-25,364,-0.0431196929793919
2026-02-25,365,-0.042930715750585505
2026-02-25,366,-0.04345832150470865
2026-02-25,367,-0.04324605767779951
2026-02-25,368,-0.04236399824408715
2026-02-25,369,-0.041447136005816246
2026-02-25,370,-0.0422830648117911
2026-02-25,371,-0.045038482839096186
2026-02-25,372,-0.0462565262708279
2026-02-25,373,-0.04636486863279747
2026-02-25,374,-0.04487618908704948
2026-02-25,375,-0.04511963959341174
2026-02-25,376,-0.04476800788342811
2026-02-25,377,-0.046852554572724206
2026-02-25,378,-0.04650031309400325
2026-02-25,379,-0.046001967914658555
2026-02-25,380,-0.04374086972414412
2026-02-25,381,-0.044956791691639165
2026-02-25,382,-0.04484914268895193
2026-02-25,383,-0.04490323621667447
2026-02-25,384,-0.04463279783441134
2026-02-25,385,-0.044470569903813525
2026-02-25,386,-0.045146693308564786
2026-02-25,387,-0.04598572170882425
2026-02-25,388,-0.045660853007066106
2026-02-25,389,-0.04484914268895193
